,,,,,,,,,,,,,
,,,,,,,,,Stop 1,,,,
Today,14/03/2024,,,,,, ,,24.27%,"51,500,000","50,000","12,500,000",
Season,Truck owner, , ,Week,Pick up date,District,Status, ,Arrival time at Stop 1,# of farmers,Sector,Site,Volume 1 in kgs
2023A,IZ Service,,,30-Jan,2/2/2023,Nyagatare,#REF!,,10:00,7,Matimba,Rwentanga,"10,019"
2023A,IZ Service,,,30-Jan,2/3/2023,Nyagatare,#REF!,,10:50,5,Matimba,Rwentanga,"10,068"
2023A,IZ Service,,,30-Jan,2/3/2023,Nyagatare,#REF!,,17:55,6,Matimba,Rwentanga,"9,057"
2023A,IZ Service,,,30-Jan,2/3/2023,Gatsibo,#REF!,,10:35,8,Kiziguro,Ndatemwa B,"10,169"
2023A,IZ Service,,,6-Feb,2/9/2023,Nyagatare,#REF!,,11:00,4,Matimba,Nyabwishongezi,"10,099"
2023A,IZ Service,,,6-Feb,2/9/2023,Nyagatare,#REF!,,17:50,2,Matimba,Rwentanga,"10,974"
2023A,IZ Service,,,6-Feb,2/9/2023,Gatsibo,#REF!,,09:40,11,Kiziguro,Ndatemwa B,"10,669"
2023A,IZ Service,,,6-Feb,2/10/2023,Kayonza,#REF!,,08:25,6,Gahini,Rugarama,"9,648"
2023A,IZ Service,,,6-Feb,2/10/2023,Rwamagana,#REF!,,5:00 PM,7,Mwulire,Mwulire,"9,442"
2023A,IZ Service,,,6-Feb,2/10/2023,Gatsibo,#REF!,,09:00,5,Kabarore,Rutenderi,"9,078"
2023A,IZ Service,,,6-Feb,2/11/2023,Gatsibo,#REF!,,12:35,15,Kiziguro,Ndatemwa,"10,495"
2023A,IZ Service,,,6-Feb,2/11/2023,Gatsibo,#REF!,,14:15,8,Rwimbogo,Nyamatete,"10,164"
2023A,IZ Service,,,6-Feb,2/11/2023,Nyagatare,#REF!,,3:35 PM,4,Matimba,Rwentanga,"9,663"
2023A,IZ Service,,,13-Feb,2/13/2023,Kayonza,#REF!,,18:20,3,Gahini,Rugarama,"10,242"
2023A,IZ Service,,,13-Feb,2/13/2023,Gatsibo,#REF!,,1:30 PM,7,Rwimbogo,Nyamatete,"9,739"
2023A,IZ Service,,,13-Feb,2/13/2023,Nyagatare,#REF!,,10:40,8,Musheli,Nyagatabire,"10,796"
2023A,IZ Service,,,13-Feb,2/13/2023,Nyagatare,#REF!,,10:21,6,Matimba,Rwentenga,"10,138"
2023A,IZ Service,,,13-Feb,2/13/2023,Nyagatare,#REF!,,4:05 PM,5,Matimba,Rwentanga,"9,828"
2023A,IZ Service,,,13-Feb,2/14/2023,Kayonza,#REF!,,15:10,10,Gahini,Rugarama,"10,058"
2023A,Internal,,,13-Feb,2/14/2023,Gatsibo,#REF!,,6:20 PM,3,Rwimbogo,Nyamatete,"9,465"
2023A,IZ Service,,,13-Feb,2/14/2023,Rwamagana,#REF!,,15:30,15,Mwulire,Mwulire,"9,486"
2023A,IZ Service,,,13-Feb,2/14/2023,Nyagatare,#REF!,,06:38,2,Matimba,Rwentanga,"10,088"
2023A,Internal,,,13-Feb,2/14/2023,Nyagatare,#REF!,,15:30,7,Matimba,Rwentanga,"9,771"
2023A,IZ Service,,,13-Feb,2/14/2023,Nyagatare,#REF!,,11:15,2,Musheli,Nyagatabire,"10,124"
2023A,Internal,,,13-Feb,2/14/2023,Nyagatare,#REF!,,7:09 PM,3,Musheli,Nyagatabire,"9,488"
2023A,Internal,,,13-Feb,2/14/2023,Ngoma,#REF!,,15:30,11,Gashanda,Cyerwa,"10,936"
2023A,Internal,,,13-Feb,2/14/2023,Ngoma,#REF!,,7:00 AM,4,Jarama,Jarama,"12,044"
2023A,Internal,,,13-Feb,2/14/2023,Ngoma,#REF!,,7:00 AM,3,Jarama,Jarama,"11,277"
2023A,Internal,,,13-Feb,2/14/2023,Ngoma,#REF!,,1:17 PM,3,Jarama,Jarama,"11,795"
2023A,IZ Service,,,13-Feb,2/15/2023,Nyagatare,#REF!,,12:11 PM,2,Musheli,Nyagatabire,"9,720"
2023A,Internal,,,13-Feb,2/15/2023,Nyagatare,#REF!,,16:04,2,Musheli,Nyagatabire,"10,367"
2023A,Internal,,,13-Feb,2/15/2023,Nyagatare,#REF!,,17:30,4,Matimba,Rwentanga,"10,371"
2023A,Internal,,,13-Feb,2/15/2023,Nyagatare,#REF!,,14:33,6,Matimba,Rwentanga,"10,000"
2023A,IZ Service,,,13-Feb,2/15/2023,Kayonza,#REF!,,09:57,7,Gahini,Rugarama,"7,221"
2023A,Internal,,,13-Feb,2/15/2023,Gatsibo,#REF!,,19:40,21,Rwimbogo,Rwikiniro,"10,126"
2023A,IZ Service,,,13-Feb,2/15/2023,Kayonza,#REF!,,15:05,7,Murundi,Urugarama,"7,007"
2023A,Internal,,,13-Feb,2/15/2023,Nyagatare,#REF!,,6:00 AM,3,Karangazi,Rwentenga,"12,436"
2023A,Internal,,,13-Feb,2/15/2023,Nyagatare,#REF!,,6:00 AM,3,Karangazi,Karangaza,"12,615"
2023A,Internal,,,13-Feb,2/15/2023,Nyagatare,#REF!,,7:00 AM,2,Rwempasha,Kimaramu,"11,945"
2023A,IZ Service,,,13-Feb,2/16/2023,Nyagatare,#REF!,,12:00,2,Musheli,Nyagatabire,"9,631"
2023A,IZ Service,,,13-Feb,2/16/2023,Nyagatare,#REF!,,15:30,1,Musheli,Nyagatabire,"9,068"
2023A,IZ Service,,,13-Feb,2/16/2023,Nyagatare,#REF!,,10:10,7,Matimba,Rwentenga,"10,049"
2023A,IZ Service,,,13-Feb,2/16/2023,Nyagatare,#REF!,,14:00,4,Matimba,Rwentanga,"8,675"
2023A,IZ Service,,,13-Feb,2/16/2023,Gatsibo,#REF!,,12:08:00 PM,4,Rwimbogo,Kidugudu,"9,712"
2023A,IZ Service,,,13-Feb,2/16/2023,Gatsibo,#REF!,,09:20,10,Rugarama,Rugarama,"10,579"
2023A,IZ Service,,,13-Feb,2/16/2023,Gatsibo,#REF!,,12:07,7,Kiziguro,Kiziguro,"8,772"
2023A,Internal,,,13-Feb,2/17/2023,Nyagatare,#REF!,,10:20,3,Rwempasha,Rwempasha,"12,991"
2023A,IZ Service,,,13-Feb,2/17/2023,Nyagatare,#REF!,,12:56,4,Matimba,Rwentanga,"9,297"
2023A,IZ Service,,,13-Feb,2/17/2023,Nyagatare,#REF!,,18:50,5,Matimba,Rwentanga,"9,687"
2023A,IZ Service,,,13-Feb,2/17/2023,Nyagatare,#REF!,,13:00,1,Karangazi,Karama,"10,331"
2023A,IZ Service,,,13-Feb,2/17/2023,Gatsibo,#REF!,,09:00,10,Rwimbogo,Rwikiniro,"10,448"
2023A,IZ Service,,,13-Feb,2/17/2023,Gatsibo,#REF!,,06:00,1,Gitoki,Gitoki,"10,295"
2023A,IZ Service,,,13-Feb,2/18/2023,Nyagatare,#REF!,,08:50,6,Matimba,Rwentanga,"8,794"
2023A,Internal,,,13-Feb,2/18/2023,Nyagatare,#REF!,,08:30,4,Musheli,Nyagatabire,"8,993"
2023A,IZ Service,,,13-Feb,2/18/2023,Nyagatare,#REF!,,13:30,1,Musheli,Nyagatabire,"9,678"
2023A,IZ Service,,,13-Feb,2/18/2023,Kayonza,#REF!,,12:40,16,Mukarange,Karambo,"10,275"
2023A,IZ Service,,,20-Feb,2/20/2023,Nyagatare,#REF!,,09:00,8,Matimba,Cyembogo,"9,534"
2023A,IZ Service,,,20-Feb,2/20/2023,Nyagatare,#REF!,,13:30,3,Musheli,Nyagatabire,"10,296"
2023A,IZ Service,,,20-Feb,2/20/2023,Nyagatare,#REF!,,05:45,5,Musheli,Nyagatabire,"10,953"
2023A,IZ Service,,,20-Feb,2/20/2023,Nyagatare,#REF!,,11:20,4,Karangazi,Karangazi,"10,157"
2023A,IZ Service,,,20-Feb,2/20/2023,Rwamagana,#REF!,,09:11,1,Kigabiro,Sovu,"10,415"
2023A,IZ Service,,,20-Feb,2/20/2023,Rwamagana,#REF!,,11:25,1,Kigabiro,Sovu,"10,460"
2023A,IZ Service,,,20-Feb,2/20/2023,Kayonza,#REF!,,08:23,2,Murundi,Rwakabamba,"10,771"
2023A,Internal,,,20-Feb,2/21/2023,Ngoma,#REF!,,12:50,16,Gashanda,Gako,"11,012"
2023A,Internal,,,20-Feb,2/21/2023,Ngoma,#REF!,,7:50 AM,7,Gashanda,Cyerwa,"7,747"
2023A,IZ Service,,,20-Feb,2/21/2023,Nyagatare,#REF!,,12:35,1,Tabagwe,Tabagwe,"10,041"
2023A,Internal,,,20-Feb,2/21/2023,Nyagatare,#REF!,,08:22,4,Matimba,Rwentanga,"9,735"
2023A,IZ Service,,,20-Feb,2/21/2023,Gatsibo,#REF!,,15:02,11,Rwimbogo,Rwimbogo,"11,080"
2023A,IZ Service,,,20-Feb,2/21/2023,Rwamagana,#REF!,,12:05,1,Kigabiro,Sovu,"10,281"
2023A,IZ Service,,,20-Feb,2/21/2023,Rwamagana,#REF!,,12:00 PM,7,Mwulire,Gisanze,"9,071"
2023A,IZ Service,,,20-Feb,2/22/2023,Ngoma,#REF!,,11:20,12,Gashanda,Nyamugari,"10,755"
2023A,IZ Service,,,20-Feb,2/22/2023,Kayonza,#REF!,,04:55,11,Rwinkwavu,Gihinga,"10,857"
2023A,Internal,,,20-Feb,2/22/2023,Kayonza,#REF!,,03:00,6,Mukarange,Rugendabari,"5,495"
2023A,IZ Service,,,20-Feb,2/22/2023,Rwamagana,#REF!,,13:04,1,Kigabiro,Sovu,"8,006"
2023A,Internal,,,20-Feb,2/22/2023,Nyagatare,#REF!,,08:50,6,Matimba,Rwentanga,"9,827"
2023A,IZ Service,,,20-Feb,2/22/2023,Nyagatare,#REF!,,03:25,2,Katabagemu,Rubira,"10,260"
2023A,IZ Service,,,20-Feb,2/22/2023,Nyagatare,#REF!,,06:05,2,Katabagemu,Rubira,"10,260"
2023A,IZ Service,,,20-Feb,2/23/2023,Nyagatare,#REF!,,14:00,3,Katabagemu,Rubira,"10,324"
2023A,IZ Service,,,20-Feb,2/23/2023,Nyagatare,#REF!,,11:00,3,Katabagemu,Rubira,"10,268"
2023A,IZ Service,,,20-Feb,2/23/2023,Nyagatare,#REF!,,13:10,4,Matimba,Kanyonza,"8,188"
2023A,IZ Service,,,20-Feb,2/23/2023,Kayonza,#REF!,,07:30,5,Gahini,Urugarama,"9,314"
2023A,IZ Service,,,20-Feb,2/23/2023,Kayonza,#REF!,,08:40,14,Murundi,Murundi,"7,467"
2023A,IZ Service,,,20-Feb,2/23/2023,Gatsibo,#REF!,,10:52,15,Remera,Rurenge,"10,464"
2023A,IZ Service,,,20-Feb,2/23/2023,Gatsibo,#REF!,,10:37,8,Rugarama,Ishema,"10,499"
2023A,IZ Service,,,20-Feb,2/23/2023,Rwamagana,#REF!,,09:26,4,Munyiginya,Nkomangwa,"11,506"
2023A,IZ Service,,,20-Feb,2/23/2023,Ngoma,#REF!,,14:30,12,Gashanda,Nyagatugunda,"9,842"
2023A,IZ Service,,,20-Feb,2/23/2023,Ngoma,#REF!,,10:25,10,Gashanda,Nyagasozi,"10,012"
2023A,IZ Service,,,20-Feb,2/24/2023,Nyagatare,#REF!,,11:32,3,Katabagemu,Rubira,"10,127"
2023A,IZ Service,,,20-Feb,2/24/2023,Nyagatare,#REF!,,13:50,3,Katabagemu,Rubira,"10,100"
2023A,IZ Service,,,20-Feb,2/24/2023,Gatsibo,#REF!,,09:00,4,Kabarore,Malimba,"10,387"
2023A,IZ Service,,,20-Feb,2/24/2023,Kayonza,#REF!,,09:50,8,Rwinkwavu,Kageyo,"5,239"
2023A,IZ Service,,,20-Feb,2/24/2023,Ngoma,#REF!,,02:20,13,Gashanda,Muyange,"9,842"
2023A,IZ Service,,,20-Feb,2/25/2023,Nyagatare,#REF!,,16:10,3,Katabagemu,Rubira,"10,220"
2023A,IZ Service,,,20-Feb,2/25/2023,Nyagatare,#REF!,,04:10,3,Katabagemu,Rubira,"10,220"
2023A,IZ Service,,,20-Feb,2/25/2023,Gatsibo,#REF!,,17:00,15,Remera,Rurenge,"8,461"
2023A,IZ Service,,,27-Feb,2/27/2023,Ngoma,#REF!,,10:00,8,Zaza,Nyagasozi,"10,064"
2023A,IZ Service,,,27-Feb,2/27/2023,Ngoma,#REF!,,15:00,15,Zaza,Nyagatugunda,"11,141"
2023A,IZ Service,,,27-Feb,2/27/2023,Ngoma,#REF!,,10:10,5,Kazo,Birenga,"4,522"
2023A,IZ Service,,,27-Feb,2/27/2023,Rwamagana,#REF!,,09:50,7,Munyiginya,Munyiginya,"6,464"
2023A,IZ Service,,,27-Feb,2/27/2023,Kayonza,#REF!,,11:20 AM,6,Gahini,Urugarama,"12,526"
2023A,IZ Service,,,27-Feb,2/27/2023,Kayonza,#REF!,,10:00,4,Nyamirama,Kabuya1,"2,213"
2023A,IZ Service,,,27-Feb,2/28/2023,Kayonza,#REF!,,09:31,7,Rwinkwavu,Matinza,"7,575"
2023A,IZ Service,,,27-Feb,2/28/2023,Ngoma,#REF!,,08:30,4,Zaza,Nyagasozi,"10,187"
2023A,IZ Service,,,27-Feb,3/1/2023,Ngoma,#REF!,,12:30,10,Zaza,Nyagatugunda,"8,439"
2023A,IZ Service,,,27-Feb,3/1/2023,Ngoma,#REF!,,11:00,9,Remera,Ndekwe,"6,434"
2023A,IZ Service,,,27-Feb,3/1/2023,Ngoma,#REF!,,13:20,9,Murama,Sakara,"8,309"
2023A,IZ Service,,,27-Feb,3/1/2023,Kayonza,#REF!,,10:50,16,Murundi,Ryamanyoni,"10,241"
2023A,IZ Service,,,27-Feb,3/2/2023,Ngoma,#REF!,,12:30,4,Karembo,Akaziba,"7,849"
2023A,IZ Service,,,27-Feb,3/2/2023,Kayonza,#REF!,,11:11,6,Rwinkwavu,Gihinga,"10,516"
2023A,IZ Service,,,27-Feb,3/2/2023,Kayonza,#REF!,,10:30,2,Murama,Muko,"10,184"
2023A,IZ Service,,,27-Feb,3/3/2023,Ngoma,#REF!,,14:40,6,Gashanda,Muyange,"10,854"
2023A,IZ Service,,,27-Feb,3/3/2023,Ngoma,#REF!,,09:00,6,Zaza,Nyagatugunda,"10,836"
2023A,IZ Service,,,27-Feb,3/3/2023,Rwamagana,#REF!,,11:30,13,Munyaga,Kaduha,"10,106"
2023A,IZ Service,,,27-Feb,3/3/2023,Kayonza,#REF!,,08:30,10,Rwinkwavu,Gihinga,"9,433"
2023A,IZ Service,,,27-Feb,3/3/2023,Kayonza,#REF!,,08:50,1,Nyamirama,Gikaya,"5,739"
2023A,IZ Service,,,27-Feb,3/3/2023,Gatsibo,#REF!,,09:30,15,Remera,Muyange,"6,787"
2023A,IZ Service,,,27-Feb,3/4/2023,Ngoma,#REF!,,10:07,6,Karembo,Nyamirambo,"10,336"
2023A,IZ Service,,,27-Feb,3/4/2023,Ngoma,#REF!,,10:40,1,Gashanda,Cyerwa,"10,592"
2023A,IZ Service,,,27-Feb,3/4/2023,Ngoma,#REF!,,14:20,3,Gashanda,Cyerwa,"10,672"
2023A,IZ Service,,,27-Feb,3/4/2023,Ngoma,#REF!,,12:00,14,Zaza,Nyagatugunda,"9,473"
2023A,IZ Service,,,27-Feb,3/4/2023,Kayonza,#REF!,,09:03,9,Rwinkwavu,Gihinga,"9,579"
2023A,IZ Service,,,27-Feb,3/5/2023,Ngoma,#REF!,,08:30,6,Gashanda,Cyerwa,"10,110"
2023A,IZ Service,,,27-Feb,3/5/2023,Ngoma,#REF!,,12:40,6,Gashanda,Munege,"10,197"
2023A,IZ Service,,,27-Feb,3/5/2023,Nyagatare,#REF!,,11:40,6,Mimuli,Mahoro,"10,863"
2023A,Internal,,,27-Feb,3/5/2023,Kayonza,#REF!,,11:00,4,Nyamirama,Nyamirama,"13,219"
2023A,IZ Service,,,6-Mar,3/6/2023,Ngoma,#REF!,,06:20,6,Gashanda,Nyagasenga,"11,487"
2023A,IZ Service,,,6-Mar,3/6/2023,Ngoma,#REF!,,11:30,1,Gashanda,Mutsindo,"12,082"
2023A,IZ Service,,,6-Mar,3/6/2023,Ngoma,#REF!,,17:30,7,Gashanda,Agatare,"10,092"
2023A,IZ Service,,,6-Mar,3/6/2023,Ngoma,#REF!,,11:40,9,Zaza,Nyagatugunda,"10,290"
2023A,IZ Service,,,6-Mar,3/6/2023,Ngoma,#REF!,,09:00,6,Karembo,Nyamirambo,"9,013"
2023A,IZ Service,,,6-Mar,3/6/2023,Ngoma,#REF!,,10:10,6,Rukira,Nyinya,"3,687"
2023A,IZ Service,,,6-Mar,3/6/2023,Gatsibo,#REF!,,12:40,2,Kabarore,Kabarore,"5,105"
2023A,IZ Service,,,6-Mar,3/6/2023,Kayonza,#REF!,,01:30,8,Mwiri,Nyamugari,"10,439"
2023A,IZ Service,,,6-Mar,3/6/2023,Rwamagana,#REF!,,15:11,7,Munyiginya,Nkomangwa,"9,750"
2023A,Internal,,,6-Mar,3/6/2023,Gatsibo,#REF!,,05:00,3,Kiramuruzi,Kiramuruzi,"12,128"
2023A,Internal,,,6-Mar,3/6/2023,Gatsibo,#REF!,,11:00,4,Kiramuruzi,Kiramuruzi,"13,757"
2023A,IZ Service,,,6-Mar,3/7/2023,Ngoma,#REF!,,09:00,1,Gashanda,Giseri,"12,060"
2023A,IZ Service,,,6-Mar,3/7/2023,Ngoma,#REF!,,16:00,1,Gashanda,Munege,"6,289"
2023A,IZ Service,,,6-Mar,3/7/2023,Ngoma,#REF!,,14:00,1,Gashanda,Munege,"9,818"
2023A,IZ Service,,,6-Mar,3/7/2023,Ngoma,#REF!,,14:14,10,Zaza,Nyagasaza,"11,840"
2023A,IZ Service,,,6-Mar,3/7/2023,Kirehe,#REF!,,12:00,17,Mpanga,Nyakabungo,"10,507"
2023A,IZ Service,,,6-Mar,3/7/2023,Nyagatare,#REF!,,10:05,9,Mimuli,Mahoro,"10,366"
2023A,IZ Service,,,6-Mar,3/7/2023,Kayonza,#REF!,,12:45,5,Gahini,Urugarama,"4,454"
2023A,IZ Service,,,6-Mar,3/7/2023,Kayonza,#REF!,,18:30,2,Murundi,Ryamanyoni,"10,692"
2023A,IZ Service,,,6-Mar,3/7/2023,Rwamagana,#REF!,,09:40,7,Munyiginya,Munyaga,"10,220"
2023A,IZ Service,,,6-Mar,3/7/2023,Kayonza,#REF!,,11:15,3,Ndego,Isangano,"10,100"
2023A,IZ Service,,,6-Mar,3/7/2023,Gatsibo,#REF!,,11:15,5,Kiziguro,Ndatemwa B,"10,558"
2023A,IZ Service,,,6-Mar,3/7/2023,Kayonza,#REF!,,08:30,2,Rwinkwavu,Gihinga,"10,382"
2023A,IZ Service,,,6-Mar,3/8/2023,Ngoma,#REF!,,07:40,,Gashanda,Cyerwa,"10,328"
2023A,IZ Service,,,6-Mar,3/8/2023,Ngoma,#REF!,,14:20,7,Gashanda,Munege,"10,863"
2023A,IZ Service,,,6-Mar,3/8/2023,Ngoma,#REF!,,12:30,8,Mutenderi,Nyamugali,"10,311"
2023A,IZ Service,,,6-Mar,3/8/2023,Ngoma,#REF!,,11:00,3,Karembo,Karembo,"10,767"
2023A,IZ Service,,,6-Mar,3/8/2023,Kirehe,#REF!,,11:00,5,Mpanga,Kankobwa,"5,926"
2023A,IZ Service,,,6-Mar,3/8/2023,Nyagatare,#REF!,,12:09,6,Mimuli,Nyabugogo,"8,674"
2023A,IZ Service,,,6-Mar,3/8/2023,Gatsibo,#REF!,,16:50,2,Rwimbogo,Rwikiniro,"11,765"
2023A,IZ Service,,,6-Mar,3/8/2023,Rwamagana,#REF!,,17:11,19,Munyaga,Kaduha,"11,066"
2023A,IZ Service,,,6-Mar,3/8/2023,Rwamagana,#REF!,,15:30,9,Mwulire,Kabuya,"10,109"
2023A,IZ Service,,,6-Mar,3/8/2023,Kayonza,#REF!,,10:50,2,Rwinkwavu,Matinza,"11,082"
2023A,IZ Service,,,6-Mar,3/8/2023,Nyagatare,#REF!,,10:50,2,Katabagemu,Rugazi,"11,033"
2023A,IZ Service,,,6-Mar,3/8/2023,Kayonza,#REF!,,13:45,2,Mukarange,Mburabuturo,"8,543"
2023A,Internal,,,6-Mar,3/8/2023,Gatsibo,#REF!,,11:30,4,Gatsibo,Gatsibo,"14,415"
2023A,IZ Service,,,6-Mar,3/9/2023,Kayonza,#REF!,,11:07,6,Rwinkwavu,Gihinga,"11,074"
2023A,IZ Service,,,6-Mar,3/9/2023,Kayonza,#REF!,,10:00,7,Murundi,Ryamanyoni,"10,027"
2023A,IZ Service,,,6-Mar,3/9/2023,Ngoma,#REF!,,09:00,12,Gashanda,Cyerwa,"10,692"
2023A,IZ Service,,,6-Mar,3/9/2023,Kayonza,#REF!,,08:30,6,Rwinkwavu,Gihinga,"10,050"
2023A,IZ Service,,,6-Mar,3/9/2023,Gatsibo,#REF!,,11:30,1,Rwimbogo,Rwikiniro,"12,147"
2023A,IZ Service,,,6-Mar,3/9/2023,Gatsibo,#REF!,,14:30,3,Kabarore,Kabarore,"10,500"
2023A,IZ Service,,,6-Mar,3/9/2023,Ngoma,#REF!,,14:00,7,Karembo,Nyamirambo,"8,649"
2023A,IZ Service,,,6-Mar,3/9/2023,Rwamagana,#REF!,,15:00,4,Munyiginya,Nkomangwa,"8,934"
2023A,IZ Service,,,6-Mar,3/9/2023,Kayonza,#REF!,,18:00,1,Kabare,Cyarubare,"9,972"
2023A,IZ Service,,,6-Mar,3/9/2023,Kayonza,#REF!,,11:30,6,Gahini,Urugarama,"5,074"
2023A,IZ Service,,,6-Mar,3/9/2023,Ngoma,#REF!,,16:50,13,Mutenderi,Mutenderi,"7,691"
2023A,IZ Service,,,6-Mar,3/9/2023,Ngoma,#REF!,,19:00,17,Kazo,Kinyonzo,"10,130"
2023A,IZ Service,,,6-Mar,3/9/2023,Gatsibo,#REF!,,15:50,4,Rwimbogo,Rwikiniro,"10,113"
2023A,IZ Service,,,6-Mar,3/9/2023,Rulindo,#REF!,,10:03,2,Masoro,Masoro,"5,149"
2023A,IZ Service,,,6-Mar,3/10/2023,Kayonza,#REF!,,09:00,3,Rwinkwavu,Matinza,"8,793"
2023A,IZ Service,,,6-Mar,3/10/2023,Kayonza,#REF!,,,,Ndego,,
2023A,IZ Service,,,6-Mar,3/10/2023,Rwamagana,#REF!,,10:30,8,Munyaga,Kaduha,"8,065"
2023A,IZ Service,,,6-Mar,3/10/2023,Gatsibo,#REF!,,12:05 PM,3,Murambi,Rwimitereri,"10,666"
2023A,IZ Service,,,6-Mar,3/10/2023,Gatsibo,#REF!,,12:45,2,Murambi,Rwimitereri,"10,049"
2023A,IZ Service,,,6-Mar,3/10/2023,Ngoma,#REF!,,13:40,13,Zaza,Nyagatugunga,"9,789"
2023A,IZ Service,,,6-Mar,3/10/2023,Kirehe,#REF!,,12:00,11,Mpanga,Nyakabungo,"10,471"
2023A,Internal,,,6-Mar,3/11/2023,Rwamagana,#REF!,,11:00,1,Gahengeri,Gahengeri,575
2023A,IZ Service,,,6-Mar,3/11/2023,Kayonza,#REF!,,14:30,3,Murama,Muko,"8,530"
2023A,IZ Service,,,6-Mar,3/11/2023,Kirehe,#REF!,,12:30,18,Mpanga,Nyakabungo,"10,239"
2023A,IZ Service,,,6-Mar,3/11/2023,Kirehe,#REF!,,06:30,9,Mpanga,Kankobwa,"9,065"
2023A,IZ Service,,,6-Mar,3/11/2023,Ngoma,#REF!,,14:50,5,Karembo,Nyamirambo,"10,064"
2023A,IZ Service,,,6-Mar,3/11/2023,Gatsibo,#REF!,,19:22,2,Kiramuruzi,Nyabisindu,"7,741"
2023A,IZ Service,,,13-Mar,3/13/2023,Kirehe,#REF!,,18:00,12,Mpanga,Kankobwa,"10,572"
2023A,IZ Service,,,13-Mar,3/13/2023,Ngoma,#REF!,,15:30,13,Rukira,Kibatsi,"9,414"
2023A,IZ Service,,,13-Mar,3/13/2023,Ngoma,#REF!,,09:50,8,Gashanda,Cyerwa,"10,458"
2023A,IZ Service,,,13-Mar,3/13/2023,Rwamagana,#REF!,,10:50,16,Munyaga,Kaduha,"9,408"
2023A,IZ Service,,,13-Mar,3/14/2023,Nyagatare,#REF!,,09:20,8,Mimuli,Nyabugogo,"11,847"
2023A,IZ Service,,,13-Mar,3/14/2023,Rwamagana,#REF!,,10:00,7,Gishari,Ruhunda,"10,659"
2023A,IZ Service,,,13-Mar,3/14/2023,Rwamagana,#REF!,,09:50,9,Munyiginya,Nkomangwa,"9,917"
2023A,IZ Service,,,13-Mar,3/14/2023,Ngoma,#REF!,,09:00,4,Karembo,Akaziba,"8,506"
2023A,IZ Service,,,13-Mar,3/14/2023,Ngoma,#REF!,,11:50,8,Gashanda,Cyerwa,"10,086"
2023A,IZ Service,,,13-Mar,3/14/2023,Ngoma,#REF!,,11:40,10,Mutenderi,Nyagasozi,"10,138"
2023A,IZ Service,,,13-Mar,3/14/2023,Kayonza,#REF!,,13:20,2,Murama,Muko,"6,496"
2023A,IZ Service,,,13-Mar,3/14/2023,Kirehe,#REF!,,15:00,15,Mpanga,Nyakabungo,"10,358"
2023A,IZ Service,,,13-Mar,3/14/2023,Kirehe,#REF!,,19:00,12,Mpanga,Kankobwa,"10,073"
2023A,IZ Service,,,13-Mar,3/14/2023,Kayonza,#REF!,,17:00,5,Gahini,Urugarama,"5,048"
2023A,IZ Service,,,13-Mar,3/15/2023,Ngoma,#REF!,,12:40,20,Kazo,Kinyonzo,"9,944"
2023A,IZ Service,,,13-Mar,3/15/2023,Ngoma,#REF!,,13:50,4,Zaza,Nyagatugunda,"9,889"
2023A,IZ Service,,,13-Mar,3/15/2023,Kirehe,#REF!,,15:00,9,Mpanga,Kankobwa,"10,169"
2023A,IZ Service,,,13-Mar,3/15/2023,Kayonza,#REF!,,10:00,8,Murundi,Ryakirenzi,"4,133"
2023A,IZ Service,,,13-Mar,3/15/2023,Rwamagana,#REF!,,08:05,12,Gishari,Ruhunda,"10,188"
2023A,IZ Service,,,13-Mar,3/15/2023,Gatsibo,#REF!,,12:20,3,Kabarore,Nyabikiri,"10,155"
2023A,IZ Service,,,13-Mar,3/16/2023,Ngoma,#REF!,,10:00,14,Zaza,Nyagatugunda,"9,906"
2023A,IZ Service,,,13-Mar,3/16/2023,Kayonza,#REF!,,10:30,1,Mukarange,Nyagatovu,"4,505"
2023A,IZ Service,,,13-Mar,3/16/2023,Kayonza,#REF!,,09:50,5,Rwinkwavu,Gihinga,"10,517"
2023A,IZ Service,,,13-Mar,3/16/2023,Gatsibo,#REF!,,10:35,4,Rwimbogo,Rwikiniro,"10,443"
2023A,IZ Service,,,13-Mar,3/16/2023,Kirehe,#REF!,,12:30,15,Mpanga,Nyakabungo,"10,740"
2023A,IZ Service,,,13-Mar,3/16/2023,Ngoma,#REF!,,13:00,18,Mutenderi,Mutendeli,"10,207"
2023A,IZ Service,,,13-Mar,3/16/2023,Kirehe,#REF!,,13:00,14,Nyarubuye ,Nyarutunga,"9,802"
2023A,IZ Service,,,13-Mar,3/16/2023,Rwamagana,#REF!,,16:00,5,Gishari,Nyagatovu,"5,053"
2023A,IZ Service,,,13-Mar,3/16/2023,Rulindo,#REF!,,09:00,8,Mbogo,Kibuga,"10,017"
2023A,IZ Service,,,13-Mar,3/16/2023,Ngoma,#REF!,,13:03,6,Karembo,Nyamirambo,"8,883"
2023A,IZ Service,,,13-Mar,3/16/2023,Gatsibo,#REF!,,17:00,11,Remera,Rurenge,"5,901"
2023A,Internal,,,13-Mar,3/17/2023,Kayonza,#REF!,,11:00,3,Nyamirama,Nyamirama,"11,434"
2023A,IZ Service,,,13-Mar,3/17/2023,Gatsibo,#REF!,,12:45,1,Kabarore,Kabarore,"5,001"
2023A,IZ Service,,,13-Mar,3/17/2023,Gatsibo,#REF!,,11:45,5,Rwimbogo,Rwikiniro,"10,923"
2023A,IZ Service,,,13-Mar,3/17/2023,Gatsibo,#REF!,,15:20,1,Rwimbogo,Rwikiniro,"9,969"
2023A,IZ Service,,,13-Mar,3/17/2023,Gatsibo,#REF!,,2:00 PM,3,Kabarore,Nyabikiri,"8,650"
2023A,IZ Service,,,13-Mar,3/17/2023,Kirehe,#REF!,,13:00,13,Mpanga,Kankobwa,"10,271"
2023A,IZ Service,,,13-Mar,3/17/2023,Kirehe,#REF!,,19:00,16,Mpanga,Kankobwa,"9,735"
2023A,IZ Service,,,13-Mar,3/17/2023,Ngoma,#REF!,,13:30,7,Zaza,Nyagatugunda,"9,356"
2023A,IZ Service,,,13-Mar,3/17/2023,Ngoma,#REF!,,14:40,5,Karembo,Karaba,"9,938"
2023A,IZ Service,,,13-Mar,3/17/2023,Ngoma,#REF!,,16:00,5,Gashanda,Mutsindo,"10,009"
2023A,IZ Service,,,13-Mar,3/17/2023,Kayonza,#REF!,,10:10,8,Rwinkwavu,Gihinga,"7,317"
2023A,IZ Service,,,13-Mar,3/18/2023,Kirehe,#REF!,,08:30,6,Mpanga,Kankobwa,"10,129"
2023A,IZ Service,,,13-Mar,3/18/2023,Kirehe,#REF!,,13:00,6,Mpanga,Kankobwa,"10,390"
2023A,IZ Service,,,13-Mar,3/18/2023,Ngoma,#REF!,,16:30,1,Gashanda,Giseri,"10,069"
2023A,IZ Service,,,13-Mar,3/18/2023,Ngoma,#REF!,,12:30,10,Mutenderi,Nyagasozi,"11,102"
2023A,IZ Service,,,13-Mar,3/18/2023,Kayonza,#REF!,,11:30,2,Gahini,Urugarama,"5,090"
2023A,IZ Service,,,13-Mar,3/18/2023,Gatsibo,#REF!,,10:21,3,Kiziguro,Ndatemwa B,"10,493"
2023A,IZ Service,,,13-Mar,3/18/2023,Ngoma,#REF!,,11:40,6,Zaza,Nyagatugunda,"10,150"
2023A,IZ Service,,,20-Mar,3/20/2023,Ngoma,#REF!,,07:30,1,Gashanda,Mutsindo,"10,399"
2023A,IZ Service,,,20-Mar,3/20/2023,Gatsibo,#REF!,,06:00,5,Kiziguro,Ndatemwa B,"10,190"
2023A,IZ Service,,,20-Mar,3/20/2023,Kirehe,#REF!,,10:45,10,Mpanga,Kankobwa,"10,237"
2023A,IZ Service,,,20-Mar,3/20/2023,Rwamagana,#REF!,,10:50,6,Munyiginya,Nkompangwa,"11,431"
2023A,IZ Service,,,20-Mar,3/20/2023,Rwamagana,#REF!,,10:40,9,Mwulire,Bicumbi,"9,530"
2023A,IZ Service,,,20-Mar,3/20/2023,Kayonza,#REF!,,10:00,9,Murundi,Karambi,"10,498"
2023A,IZ Service,,,20-Mar,3/20/2023,Ngoma,#REF!,,13:00,4,Gashanda,Giseri,"10,782"
2023A,IZ Service,,,20-Mar,3/20/2023,Ngoma,#REF!,,13:40,14,Mutenderi,Mutendeli,"10,043"
2023A,IZ Service,,,20-Mar,3/20/2023,Kirehe,#REF!,,14:30,3,Nyarubuye ,Nyarutunga,"9,729"
2023A,IZ Service,,,20-Mar,3/20/2023,Ngoma,#REF!,,15:20,3,Gashanda,Munege,"10,028"
2023A,IZ Service,,,20-Mar,3/20/2023,Kirehe,#REF!,,15:00,9,Mpanga,Kankobwa,"10,120"
2023A,IZ Service,,,20-Mar,3/20/2023,Ngoma,#REF!,,15:10,6,Zaza,Nyagatugunda,"10,162"
2023A,IZ Service,,,20-Mar,3/20/2023,Ngoma,#REF!,,08:00,16,Mutenderi,Mutendeli,"10,621"
2023A,IZ Service,,,20-Mar,3/21/2023,Kirehe,#REF!,,08:30,12,Mpanga,Nyakabungo,"10,189"
2023A,IZ Service,,,20-Mar,3/21/2023,Gatsibo,#REF!,,09:42,3,Kabarore,Nyabikiri,"10,232"
2023A,IZ Service,,,20-Mar,3/21/2023,Nyagatare,#REF!,,11:15,12,Mimuli,Mahoro,"9,266"
2023A,IZ Service,,,20-Mar,3/21/2023,Kirehe,#REF!,,10:15,10,Nyarubuye ,Nyarutunga,"10,235"
2023A,IZ Service,,,20-Mar,3/21/2023,Kayonza,#REF!,,11:00,8,Mukarange,Rugendabari,"10,468"
2023A,IZ Service,,,20-Mar,3/21/2023,Kayonza,#REF!,,13:00,3,Gahini,Urugarama,"5,312"
2023A,IZ Service,,,20-Mar,3/21/2023,Kirehe,#REF!,,15:50,13,Mpanga,Kankobwa,"10,819"
2023A,IZ Service,,,20-Mar,3/21/2023,Ngoma,#REF!,,15:40,5,Karembo,Karaba,"9,663"
2023A,IZ Service,,,20-Mar,3/21/2023,Gatsibo,#REF!,,05:45,1,Murambi,Nyamiyaga,"6,644"
2023A,IZ Service,,,20-Mar,3/21/2023,Ngoma,#REF!,,18:33,8,Mutenderi,Mutendeli,"10,626"
2023A,IZ Service,,,20-Mar,3/21/2023,Ngoma,#REF!,,17:00,3,Zaza,Nyagatugunda,"11,236"
2023A,IZ Service,,,20-Mar,3/21/2023,Rwamagana,#REF!,,16:20,2,Gishari,Mugusa,"10,158"
2023A,IZ Service,,,20-Mar,3/21/2023,Kayonza,#REF!,,19:00,3,Murama,Nyakanazi,"4,391"
2023A,IZ Service,,,20-Mar,3/21/2023,Kamonyi,#REF!,,06:47,38,Musambira,Rukambura,"7,362"
2023A,IZ Service,,,20-Mar,3/21/2023,Ngoma,#REF!,,19:00,3,Gashanda,Mutsindo,"12,338"
2023A,IZ Service,,,20-Mar,3/22/2023,Kirehe,#REF!,,13:00,13,Mpanga,Kankobwa,"10,304"
2023A,IZ Service,,,20-Mar,3/22/2023,Kirehe,#REF!,,19:00,15,Mpanga,Nyakabungo,"10,224"
2023A,IZ Service,,,20-Mar,3/22/2023,Rwamagana,#REF!,,15:00,1,Musha,Nyabisindu,"10,096"
2023A,IZ Service,,,20-Mar,3/22/2023,Rwamagana,#REF!,,19:31,1,Musha,Nyabisindu,"9,096"
2023A,IZ Service,,,20-Mar,3/22/2023,Kirehe,#REF!,,13:30,14,Nyarubuye ,Nyarubuye,"9,347"
2023A,IZ Service,,,20-Mar,3/22/2023,Rwamagana,#REF!,,03:00,9,Munyaga,Nkungu,"3,815"
2023A,IZ Service,,,20-Mar,3/23/2023,Gatsibo,#REF!,,14:00,1,Kageyo,Nyarubuye,"8,565"
2023A,IZ Service,,,20-Mar,3/23/2023,Kirehe,#REF!,,14:20,7,Mpanga,Kankobwa,"10,227"
2023A,IZ Service,,,20-Mar,3/23/2023,Kirehe,#REF!,,14:30,10,Nyarubuye ,Nyarutunga,"9,032"
2023A,IZ Service,,,20-Mar,3/23/2023,Rwamagana,#REF!,,14:00,2,Musha,Nyabisindu,"3,228"
2023A,IZ Service,,,20-Mar,3/23/2023,Gatsibo,#REF!,,14:55,3,Rwimbogo,Rwikiniro,"10,130"
2023A,IZ Service,,,20-Mar,3/23/2023,Kirehe,#REF!,,19:30,9,Mpanga,Kankobwa,"9,986"
2023A,IZ Service,,,20-Mar,3/23/2023,Ngoma,#REF!,,12:30,13,Kazo,Kinkonzo,"8,853"
2023A,IZ Service,,,20-Mar,3/24/2023,Gatsibo,#REF!,,13:20,3,Kabarore,Nyabikiri,"8,348"
2023A,IZ Service,,,20-Mar,3/24/2023,Ngoma,#REF!,,12:00,2,Zaza,Nyagatugunda,"11,931"
2023A,IZ Service,,,20-Mar,3/24/2023,Kayonza,#REF!,,07:30,4,Gahini,Urugarama,"5,030"
2023A,IZ Service,,,20-Mar,3/24/2023,Rwamagana,#REF!,,15:40,1,Muhazi,Karitutu,"10,640"
2023A,IZ Service,,,20-Mar,3/24/2023,Kirehe,#REF!,,16:30,12,Mpanga,Kankobwa,"10,994"
2023A,IZ Service,,,20-Mar,3/25/2023,Kirehe,#REF!,,18:00,12,Mpanga,Kankobwa,"10,128"
2023A,IZ Service,,,20-Mar,3/26/2023,Kirehe,#REF!,,13:00,14,Nyarubuye ,Nyarutunaga,"10,238"
2023A,IZ Service,,,27-Mar,3/27/2023,Kirehe,#REF!,,09:30,3,Mpanga,Nyakabungo,"10,059"
2023A,IZ Service,,,27-Mar,3/27/2023,Kirehe,#REF!,,12:30,3,Mpanga,Nyakabungo,"10,718"
2023A,IZ Service,,,27-Mar,3/27/2023,Kirehe,#REF!,,09:00,9,Nyarubuye ,Nyarutunaga,"7,075"
2023A,IZ Service,,,27-Mar,3/27/2023,Rulindo,#REF!,,15:00,2,Bushoki,Bicumbi,"1,917"
2023A,IZ Service,,,27-Mar,3/27/2023,Rulindo,#REF!,,15:00,9,Bushoki,Gasiza,"1,387"
2023A,IZ Service,,,27-Mar,3/27/2023,Rulindo,#REF!,,1:00 PM,3,Mbogo,Ruhanya,"10,000"
2023A,IZ Service,,,27-Mar,3/28/2023,Kirehe,#REF!,,10:45,12,Mpanga,Kankobwa,"10,758"
2023A,IZ Service,,,27-Mar,3/28/2023,Kirehe,#REF!,,16:00,15,Mpanga,Kankobwa,"10,483"
2023A,IZ Service,,,27-Mar,3/29/2023,Kirehe,#REF!,,11:20,17,Mpanga,Kankobwa,"10,191"
2023A,IZ Service,,,27-Mar,3/29/2023,Kirehe,#REF!,,14:30,11,Mpanga,Nyakabungo,"10,092"
2023A,IZ Service,,,27-Mar,3/29/2023,Kirehe,#REF!,,17:30,7,Mpanga,Nyakabungo,"10,158"
2023A,IZ Service,,,27-Mar,3/30/2023,Kirehe,#REF!,,09:45,10,Mpanga,Kankobwa,"10,028"
2023A,IZ Service,,,27-Mar,3/30/2023,Kirehe,#REF!,,15:00,14,Mpanga,Nyakabungo,"10,712"
2023A,IZ Service,,,27-Mar,3/30/2023,Kirehe,#REF!,,09:50,14,Nyarubuye ,Nyarutunga,"9,877"
2023A,IZ Service,,,27-Mar,3/31/2023,Kirehe,#REF!,,09:00,5,Mpanga,Nyakabungo,"10,056"
2023A,IZ Service,,,27-Mar,3/31/2023,Kirehe,#REF!,,17:00,8,Mpanga,Kankobwa,"8,285"
2023A,IZ Service,,,27-Mar,3/31/2023,Kayonza,#REF!,,12:40,4,Rwinkwavu,Gihinga,"11,015"
2023A,IZ Service,,,27-Mar,3/31/2023,Ngoma,#REF!,,17:00,6,Zaza,Nyagatugunda,"10,506"
2023A,IZ Service,,,27-Mar,3/31/2023,Ngoma,#REF!,,15:30,10,Mutenderi,Mutendeli,"9,595"
2023A,IZ Service,,,27-Mar,4/1/2023,Kirehe,#REF!,,12:10,15,Mpanga,Nyakabungo,"10,322"
2023A,IZ Service,,,27-Mar,4/1/2023,Kirehe,#REF!,,12:40,5,Nyarubuye ,Mareba,"8,285"
2023A,IZ Service,,,27-Mar,4/1/2023,Ngoma,#REF!,,13:00,9,Karembo,Nyamirambo,"7,332"
2023A,IZ Service,,,27-Mar,4/1/2023,Kayonza,#REF!,,12:25,9,Murundi,Ubwiza,"5,061"
2023A,IZ Service,,,3-Apr,4/3/2023,Kirehe,#REF!,,10:40,21,Nyarubuye ,Nyarutunga,"9,854"
2023A,IZ Service,,,3-Apr,4/3/2023,Ngoma,#REF!,,17:00,9,Zaza,Nyagatugunda,"10,611"
2023A,IZ Service,,,3-Apr,4/3/2023,Ngoma,#REF!,,10:00,7,Mutenderi,Mutendeli,"10,323"
2023A,IZ Service,,,3-Apr,4/3/2023,Rulindo,#REF!,,15:30,10,Mbogo,Ruhamya,"10,000"
2023A,IZ Service,,,3-Apr,4/4/2023,Ngoma,#REF!,,10:00,13,Mutenderi,Mutendeli,"6,082"
2023A,IZ Service,,,3-Apr,4/4/2023,Kirehe,#REF!,,11:45,8,Mpanga,Nyakabungo,"10,257"
2023A,IZ Service,,,3-Apr,4/4/2023,Kirehe,#REF!,,16:30,14,Mpanga,Nyakabungo,"10,348"
2023A,IZ Service,,,3-Apr,4/5/2023,Kirehe,#REF!,,10:00,16,Mpanga,Nyakabungo,"10,195"
2023A,IZ Service,,,3-Apr,4/6/2023,Kirehe,#REF!,,09:30,9,Mpanga,Nyakabungo,"9,479"
2023A,IZ Service,,,3-Apr,4/6/2023,Kirehe,#REF!,,13:00,16,Nyarubuye ,Nyarutunga,"10,296"
2023A,IZ Service,,,3-Apr,4/6/2023,Gatsibo,#REF!,,13:00,1,Kiziguro,Ndatemwa B,"3,512"
2023A,IZ Service,,,3-Apr,4/6/2023,Rwamagana,#REF!,,10:30,1,Musha,Nyabisindu,"9,837"
2023A,IZ Service,,,10-Apr,4/10/2023,Kirehe,#REF!,,11:00,12,Mpanga,Kankobwa,"9,333"
2023A,IZ Service,,,10-Apr,4/10/2023,Ngoma,#REF!,,10:00,13,Mutenderi,Mutendeli,"10,333"
2023A,IZ Service,,,10-Apr,4/11/2023,Kayonza,#REF!,,11:30,8,Murundi,Murundi,"10,036"
2023A,IZ Service,,,10-Apr,4/13/2023,Rulindo,#REF!,,16:30,9,Cyungo,Gasiza,"10,077"
2023A,IZ Service,,,10-Apr,4/15/2023,Rulindo,#REF!,,11:00 AM,9,Base,Mukoto,"5,903"
2023A,IZ Service,,,10-Apr,4/15/2023,Burera,#REF!,,08:20,1,Butaro,Bunaba,"9,115"
2023A,IZ Service,,,17-Apr,4/17/2023,Nyagatare,#REF!,,14:30,1,Karangazi,Karama,"10,308"
2023A,IZ Service,,,17-Apr,4/18/2023,Nyagatare,#REF!,,15:50,1,Karangazi,Karama,"4,322"
2023A,IZ Service,,,17-Apr,4/20/2023,Rulindo,#REF!,,11:00,2,Cyungo,Burehe,876
2023A,IZ Service,,,17-Apr,4/20/2023,Rulindo,#REF!,,11:00,5,Cyungo,Burehe,"3,856"
2023A,IZ Service,,,24-Apr,4/25/2023,Burera,#REF!,,09:24,8,Rwerere,Runconsho,"10,075"
2023A,IZ Service,,,24-Apr,4/25/2023,Burera,#REF!,,10:32,3,Kinyababa,Rusomo,"10,111"
2023A,IZ Service,,,24-Apr,4/26/2023,Rulindo,#REF!,,1:00 PM,9,Mbogo,Mbogo,"10,500"
,,,,,,,,,,,,,
2023B,IZ Service,,,10-Jul,11-Jul,Nyagatare,#REF!,,11:50,15,Mimuri,Mahoro,"11,484"
2023B,IZ Service,,,10-Jul,11-Jul,Kayonza,#REF!,,09:30,11,Rwinkwavu,Gihinga,"10,963"
2023B,IZ Service,,,10-Jul,7/13/2023,Nyagatare,#REF!,,15:44,2,Rwimiyaga,Nyarupfubire,"4,147"
2023B,IZ Service,,,10-Jul,7/13/2023,Gatsibo,#REF!,,10:16,6,Kiramuruzi,Nyabisindu,"11,015"
2023B,IZ Service,,,10-Jul,7/13/2023,Nyagatare,#REF!,,12:30,6,Musheli,Nyagatabire,"4,856"
2023B,IZ Service,,,10-Jul,14-Jul,Kayonza,#REF!,,07:00,11,Rwinkwavu,Gihinga,"10,686"
2023B,IZ Service,,,10-Jul,7/14/2023,Nyagatare,#REF!,,10:16,12,Musheli,Nyagatabire,"11,151"
2023B,IZ Service,,,10-Jul,7/15/2023,Nyagatare,#REF!,,12:10,3,Musheli,Nyamiyonga,"8,845"
2023B,IZ Service,,,10-Jul,15-Jul,Kayonza,#REF!,,11:50,11,Rwinkwavu,Mwili,"10,442"
2023B,IZ Service,,,10-Jul,7/15/2023,Gatsibo,#REF!,,08:30,3,Kiramuruzi,Nyabisindu,"6,114"
2023B,IZ Service,,,10-Jul,7/15/2023,Ngoma,#REF!,,09:30,4,Remera,Ndekwe,"5,077"
2023B,IZ Service,,,17-Jul,7/17/2023,Nyagatare,#REF!,,09:30,6,Musheli,Nyagatabire,"8,331"
2023B,IZ Service,,,17-Jul,7/17/2023,Nyagatare,#REF!,,14:09,5,Matimba,Nyabwishongwezi,"9,027"
2023B,IZ Service,,,17-Jul,7/17/2023,Nyagatare,#REF!,,10:30,2,Rwimiyaga,Kirebe,"10,176"
2023B,IZ Service,,,17-Jul,17-Jul,Nyagatare,#REF!,,09:30,15,Mimuri,Mahoro,"10,251"
2023B,IZ Service,,,17-Jul,7/17/2023,Rwamagana,#REF!,,12:50,3,Mwulire,Gisanza,"3,669"
2023B,IZ Service,,,17-Jul,17-Jul,Kayonza,#REF!,,07:30,5,Rwinkwavu,Gihinga,"10,481"
2023B,IZ Service,,,17-Jul,18-Jul,Rwamagana,#REF!,,16:00,7,Munyiginya,Nkomangwa,"10,247"
2023B,IZ Service,,,17-Jul,18-Jul,Kayonza,#REF!,,15:10,13,Mwili,Gasarabwayi,"9,419"
2023B,IZ Service,,,17-Jul,7/18/2023,Nyagatare,#REF!,,10:30,4,Musheli,Musheli,"9,581"
2023B,IZ Service,,,17-Jul,7/18/2023,Gatsibo,#REF!,,14:30,6,Kiramuruzi,Nyabisindu,"9,596"
2023B,IZ Service,,,17-Jul,7/19/2023,Nyagatare,#REF!,,09:30,4,Rwimiyaga,Kirebe,"8,049"
2023B,IZ Service,,,17-Jul,7/19/2023,Nyagatare,#REF!,,12:07,3,Musheli,Musheli,"9,698"
2023B,IZ Service,,,17-Jul,7/19/2023,Gatsibo,#REF!,,17:30,4,Kiramuruzi,Nyabisindu,"10,295"
2023B,IZ Service,,,17-Jul,7/19/2023,Kayonza,#REF!,,12:00,10,Gahini,Urugarama,"8,043"
2023B,IZ Service,,,17-Jul,7/20/2023,Nyagatare,#REF!,,09:30,5,Matimba,Matimba,"7,686"
2023B,IZ Service,,,17-Jul,20-Jul,Nyagatare,#REF!,,09:25,1,Karangazi,Karama,"10,043"
2023B,IZ Service,,,17-Jul,7/20/2023,Nyagatare,#REF!,,09:30,1,Musheli,Musheli,"2,468"
2023B,IZ Service,,,17-Jul,7/20/2023,Gatsibo,#REF!,,07:30,6,Kiramuruzi,Nyabisindu,"10,492"
2023B,IZ Service,,,17-Jul,7/21/2023,Nyagatare,#REF!,,15:34,2,Musheli,Nyagatabire,"10,753"
2023B,IZ Service,,,17-Jul,7/21/2023,Nyagatare,#REF!,,15:15,1,Rwimiyaga,Kirebe,"4,578"
2023B,IZ Service,,,17-Jul,21-Jul,Kayonza,#REF!,,09:25,7,Rwinkwavu,Gihinga,"11,546"
2023B,IZ Service,,,17-Jul,7/21/2023,Kayonza,#REF!,,11:10,3,Ndego,Kanyarugore,"10,829"
2023B,IZ Service,,,17-Jul,7/22/2023,Nyagatare,#REF!,,08:30,4,Musheli,Nyamiyoga,"5,515"
2023B,IZ Service,,,24-Jul,7/24/2023,Nyagatare,#REF!,,07:25,1,Matimba,Rwentanga,"10,097"
2023B,IZ Service,,,24-Jul,7/24/2023,Nyagatare,#REF!,,14:34,3,Musheli,Musheli,"7,996"
2023B,IZ Service,,,24-Jul,7/24/2023,Gatsibo,#REF!,,16:10,4,Kiramuruzi,Nyabisindu,"3,600"
2023B,IZ Service,,,24-Jul,7/25/2023,Nyagatare,#REF!,,07:00,2,Matimba,Rwentanga,"10,009"
2023B,IZ Service,,,24-Jul,7/25/2023,Nyagatare,#REF!,,11:35,5,Rwimiyaga,Ntoma,"10,052"
2023B,IZ Service,,,24-Jul,25-Jul,Rwamagana,#REF!,,15:40,4,Mwulire,Gisanza,"5,454"
2023B,IZ Service,,,24-Jul,25-Jul,Rwamagana,#REF!,,15:40,2,Munyiginya,Cyimbazi,"4,206"
2023B,IZ Service,,,24-Jul,7/26/2023,Nyagatare,#REF!,,10:05,2,Musheli,Nyamiyonga,"10,559"
2023B,IZ Service,,,24-Jul,7/26/2023,Nyagatare,#REF!,,10:25,3,Matimba,Rwentanga,"9,501"
2023B,IZ Service,,,24-Jul,26-Jul,Nyagatare,#REF!,,14:45,1,Tabagwe,Kabasunzu,"10,063"
2023B,IZ Service,,,24-Jul,26-Jul,Kayonza,#REF!,,13:50,6,Rwinkwavu,Gihinga,"10,569"
2023B,IZ Service,,,24-Jul,26-Jul,Rwamagana,#REF!,,14:30,2,Gishali,Gati,"3,339"
2023B,IZ Service,,,24-Jul,7/27/2023,Nyagatare,#REF!,,09:30,5,Musheli,Nyamiyonga,"10,602"
2023B,IZ Service,,,24-Jul,7/27/2023,Nyagatare,#REF!,,15:00,3,Rwimiyaga,Ntoma,"10,455"
2023B,IZ Service,,,24-Jul,7/27/2023,Kayonza,#REF!,,10:20,13,Gahini,Urugarama,"8,172"
2023B,Internal,,,24-Jul,27-Jul,Kayonza,#REF!,,11:00,1,Mukarange,Nyagatovu,756
2023B,IZ Service,,,24-Jul,7/28/2023,Nyagatare,#REF!,,09:00,1,Musheli,Kibilizi,"10,527"
2023B,IZ Service,,,24-Jul,28-Jul,Nyagatare,#REF!,,03:55,6,Mimuli,Nyagahita,"8,919"
2023B,IZ Service,,,24-Jul,7/28/2023,Gatsibo,#REF!,,16:20,3,Kiramuruzi,Gakenke,"3,922"
2023B,IZ Service,,,31-Jul,7/31/2023,Nyagatare,#REF!,,09:10,2,Rwimiyaga,Ntoma,"10,180"
2023B,IZ Service,,,31-Jul,31-Jul,Nyagatare,#REF!,,04:20,1,Karangazi,Kibondo,"10,631"
2023B,IZ Service,,,31-Jul,8/1/2023,Nyagatare,#REF!,,10:15,4,Musheli,Ntoma,"8,666"
2023B,IZ Service,,,31-Jul,1-Aug,Nyagatare,#REF!,,11:15,2,Karangazi,Kibondo,"10,830"
2023B,IZ Service,,,31-Jul,1-Aug,Nyagatare,#REF!,,07:10,13,Mimuri,Mahoro,"10,399"
2023B,IZ Service,,,31-Jul,1-Aug,Kayonza,#REF!,,13:47,1,Kabare,Cyarubare,"10,527"
2023B,IZ Service,,,31-Jul,1-Aug,Kayonza,#REF!,,11:10,10,Rwinkwavu,Gihinga,"10,214"
2023B,IZ Service,,,31-Jul,8/1/2023,Rwamagana,#REF!,,03:50,3,Mwulire,Gisanza,"7,465"
2023B,IZ Service,,,31-Jul,8/1/2023,Nyagatare,#REF!,,06:09,1,Rwimiyaga,Kabeza,"1,797"
2023B,IZ Service,,,31-Jul,3-Aug,Nyagatare,#REF!,,10:55,11,Mimuri,Mahoro,"11,000"
2023B,IZ Service,,,31-Jul,3-Aug,Kayonza,#REF!,,10:25,10,Rwinkwavu,Gihinga,"10,681"
2023B,IZ Service,,,31-Jul,8/4/2023,Nyagatare,#REF!,,12:38,1,Karangazi,Akayange,"10,923"
2023B,IZ Service,,,31-Jul,8/4/2023,Rwamagana,#REF!,,10:00,1,Gishali,Bwinsanga,"7,315"
2023B,IZ Service,,,31-Jul,4-Aug,Rwamagana,#REF!,,12:30,7,Munyiginya,Nkomangwa,"10,309"
2023B,IZ Service,,,7-Aug,7-Aug,Kayonza,#REF!,,11:00,5,Mimuri,Cyambwana,"6,338"
2023B,IZ Service,,,7-Aug,7-Aug,Kayonza,#REF!,,13:00,3,Kabare,Cyarubare,"10,469"
2023B,IZ Service,,,7-Aug,8/7/2023,Gatsibo,#REF!,,14:20,1,Kiramuruzi,Gakenke,"6,072"
2023B,IZ Service,,,7-Aug,8/8/2023,Nyagatare,#REF!,,12:00,1,Karangazi,Akayange,"10,602"
2023B,IZ Service,,,7-Aug,8/9/2023,Nyagatare,#REF!,,10:00,1,Karangazi,Akayange,"10,737"
2023B,IZ Service,,,14-Aug,14-Aug,Nyagatare,#REF!,,08:35,8,Mimuri,Mahoro,"9,632"
2023B,IZ Service,,,14-Aug,14-Aug,Kayonza,#REF!,,13:00,2,Kabare,Cyarubare,"10,460"
2023B,IZ Service,,,14-Aug,16-Aug,Kayonza,#REF!,,14:15,3,Kabare,Cyarubare,"10,484"
2023B,IZ Service,,,14-Aug,16-Aug,Rwamagana,#REF!,,11:20,4,Munyiginya,Nkomangwa,"5,797"
,,,,,,,,,,,,,
,,,,,,,,,,,,,
,,,,,,,,,,,,,
,,,,,,,,,,,,,
,,,,,,,,,,,,,
,,,,,,,,,,,,,
,,,,,,,,,,,,,
,,,,,,,,,,,,,
,,,,,,,,,,,,,
,,,,,,,,,,,,,
,,,,,,,,,,,,,
,,,,,,,,,,,,,
,,,,,,,,,,,,,
,,,,,,,,,,,,,
,,,,,,,,,,,,,
,,,,,,,,,,,,,
,,,,,,,,,,,,,
,,,,,,,,,,,,,
,,,,,,,,,,,,,
,,,,,,,,,,,,,
,,,,,,,,,,,,,
,,,,,,,,,,,,,
,,,,,,,,,,,,,
,,,,,,,,,,,,,
,,,,,,,,,,,,,
,,,,,,,,,,,,,
,,,,,,,,,,,,,
,,,,,,,,,,,,,
,,,,,,,,,,,,,
,,,,,,,,,,,,,
,,,,,,,,,,,,,
,,,,,,,,,,,,,
,,,,,,,,,,,,,
,,,,,,,,,,,,,
,,,,,,,,,,,,,
,,,,,,,,,,,,,
,,,,,,,,,,,,,
,,,,,,,,,,,,,
,,,,,,,,,,,,,
,,,,,,,,,,,,,
,,,,,,,,,,,,,
,,,,,,,,,,,,,
,,,,,,,,,,,,,
,,,,,,,,,,,,,
,,,,,,,,,,,,,
,,,,,,,,,,,,,
,,,,,,,,,,,,,
,,,,,,,,,,,,,
,,,,,,,,,,,,,
,,,,,,,,,,,,,
,,,,,,,,,,,,,
,,,,,,,,,,,,,
,,,,,,,,,,,,,
,,,,,,,,,,,,,
,,,,,,,,,,,,,
,,,,,,,,,,,,,
,,,,,,,,,,,,,
,,,,,,,,,,,,,
,,,,,,,,,,,,,
,,,,,,,,,,,,,
,,,,,,,,,,,,,
,,,,,,,,,,,,,
,,,,,,,,,,,,,
,,,,,,,,,,,,,
,,,,,,,,,,,,,
,,,,,,,,,,,,,
,,,,,,,,,,,,,
,,,,,,,,,,,,,
,,,,,,,,,,,,,
,,,,,,,,,,,,,
,,,,,,,,,,,,,
,,,,,,,,,,,,,
,,,,,,,,,,,,,
,,,,,,,,,,,,,
,,,,,,,,,,,,,
,,,,,,,,,,,,,
,,,,,,,,,,,,,
,,,,,,,,,,,,,
,,,,,,,,,,,,,
,,,,,,,,,,,,,
,,,,,,,,,,,,,
,,,,,,,,,,,,,
,,,,,,,,,,,,,
,,,,,,,,,,,,,
,,,,,,,,,,,,,
,,,,,,,,,,,,,
,,,,,,,,,,,,,
,,,,,,,,,,,,,
,,,,,,,,,,,,,
,,,,,,,,,,,,,
,,,,,,,,,,,,,
,,,,,,,,,,,,,
,,,,,,,,,,,,,
,,,,,,,,,,,,,
,,,,,,,,,,,,,
,,,,,,,,,,,,,
,,,,,,,,,,,,,
,,,,,,,,,,,,,
,,,,,,,,,,,,,
,,,,,,,,,,,,,
,,,,,,,,,,,,,
,,,,,,,,,,,,,
,,,,,,,,,,,,,
,,,,,,,,,,,,,
,,,,,,,,,,,,,
,,,,,,,,,,,,,
,,,,,,,,,,,,,
,,,,,,,,,,,,,
,,,,,,,,,,,,,
,,,,,,,,,,,,,
,,,,,,,,,,,,,
,,,,,,,,,,,,,
,,,,,,,,,,,,,
,,,,,,,,,,,,,
,,,,,,,,,,,,,
,,,,,,,,,,,,,
,,,,,,,,,,,,,
,,,,,,,,,,,,,
,,,,,,,,,,,,,
,,,,,,,,,,,,,
,,,,,,,,,,,,,
,,,,,,,,,,,,,
,,,,,,,,,,,,,
,,,,,,,,,,,,,
,,,,,,,,,,,,,
,,,,,,,,,,,,,
,,,,,,,,,,,,,
,,,,,,,,,,,,,
,,,,,,,,,,,,,
,,,,,,,,,,,,,
,,,,,,,,,,,,,
,,,,,,,,,,,,,
,,,,,,,,,,,,,
,,,,,,,,,,,,,
,,,,,,,,,,,,,
,,,,,,,,,,,,,
,,,,,,,,,,,,,
,,,,,,,,,,,,,
,,,,,,,,,,,,,
,,,,,,,,,,,,,
,,,,,,,,,,,,,
,,,,,,,,,,,,,
,,,,,,,,,,,,,
,,,,,,,,,,,,,
,,,,,,,,,,,,,
,,,,,,,,,,,,,
,,,,,,,,,,,,,
,,,,,,,,,,,,,
,,,,,,,,,,,,,
,,,,,,,,,,,,,
,,,,,,,,,,,,,
,,,,,,,,,,,,,
,,,,,,,,,,,,,
,,,,,,,,,,,,,
,,,,,,,,,,,,,
,,,,,,,,,,,,,
,,,,,,,,,,,,,
,,,,,,,,,,,,,
,,,,,,,,,,,,,
,,,,,,,,,,,,,
,,,,,,,,,,,,,
,,,,,,,,,,,,,
,,,,,,,,,,,,,
,,,,,,,,,,,,,
,,,,,,,,,,,,,
,,,,,,,,,,,,,
,,,,,,,,,,,,,
,,,,,,,,,,,,,
,,,,,,,,,,,,,
,,,,,,,,,,,,,
,,,,,,,,,,,,,
,,,,,,,,,,,,,
,,,,,,,,,,,,,
,,,,,,,,,,,,,
,,,,,,,,,,,,,
,,,,,,,,,,,,,
,,,,,,,,,,,,,
,,,,,,,,,,,,,
,,,,,,,,,,,,,
,,,,,,,,,,,,,
,,,,,,,,,,,,,
,,,,,,,,,,,,,
,,,,,,,,,,,,,
,,,,,,,,,,,,,
,,,,,,,,,,,,,
,,,,,,,,,,,,,
,,,,,,,,,,,,,
,,,,,,,,,,,,,
,,,,,,,,,,,,,
,,,,,,,,,,,,,
,,,,,,,,,,,,,
,,,,,,,,,,,,,
,,,,,,,,,,,,,
,,,,,,,,,,,,,
,,,,,,,,,,,,,
,,,,,,,,,,,,,
,,,,,,,,,,,,,
,,,,,,,,,,,,,
,,,,,,,,,,,,,
,,,,,,,,,,,,,
,,,,,,,,,,,,,
,,,,,,,,,,,,,
,,,,,,,,,,,,,
,,,,,,,,,,,,,
,,,,,,,,,,,,,
,,,,,,,,,,,,,
,,,,,,,,,,,,,
,,,,,,,,,,,,,
,,,,,,,,,,,,,
,,,,,,,,,,,,,
,,,,,,,,,,,,,
,,,,,,,,,,,,,
,,,,,,,,,,,,,
,,,,,,,,,,,,,
,,,,,,,,,,,,,
,,,,,,,,,,,,,
,,,,,,,,,,,,,
,,,,,,,,,,,,,
,,,,,,,,,,,,,
,,,,,,,,,,,,,
,,,,,,,,,,,,,
,,,,,,,,,,,,,
,,,,,,,,,,,,,
,,,,,,,,,,,,,
,,,,,,,,,,,,,
,,,,,,,,,,,,,
,,,,,,,,,,,,,
,,,,,,,,,,,,,
,,,,,,,,,,,,,
,,,,,,,,,,,,,
,,,,,,,,,,,,,
,,,,,,,,,,,,,
,,,,,,,,,,,,,
,,,,,,,,,,,,,
,,,,,,,,,,,,,
,,,,,,,,,,,,,
,,,,,,,,,,,,,
,,,,,,,,,,,,,
,,,,,,,,,,,,,
,,,,,,,,,,,,,
,,,,,,,,,,,,,
,,,,,,,,,,,,,
,,,,,,,,,,,,,
,,,,,,,,,,,,,
,,,,,,,,,,,,,
,,,,,,,,,,,,,
,,,,,,,,,,,,,
,,,,,,,,,,,,,
,,,,,,,,,,,,,
,,,,,,,,,,,,,
,,,,,,,,,,,,,
,,,,,,,,,,,,,
,,,,,,,,,,,,,
,,,,,,,,,,,,,
,,,,,,,,,,,,,
,,,,,,,,,,,,,
,,,,,,,,,,,,,
,,,,,,,,,,,,,
,,,,,,,,,,,,,
,,,,,,,,,,,,,
,,,,,,,,,,,,,
,,,,,,,,,,,,,
,,,,,,,,,,,,,
,,,,,,,,,,,,,
,,,,,,,,,,,,,
,,,,,,,,,,,,,
,,,,,,,,,,,,,
,,,,,,,,,,,,,
,,,,,,,,,,,,,
,,,,,,,,,,,,,
,,,,,,,,,,,,,
,,,,,,,,,,,,,
,,,,,,,,,,,,,
,,,,,,,,,,,,,
,,,,,,,,,,,,,
,,,,,,,,,,,,,
,,,,,,,,,,,,,
,,,,,,,,,,,,,
,,,,,,,,,,,,,
,,,,,,,,,,,,,
,,,,,,,,,,,,,
,,,,,,,,,,,,,
,,,,,,,,,,,,,
,,,,,,,,,,,,,
,,,,,,,,,,,,,
,,,,,,,,,,,,,
,,,,,,,,,,,,,
,,,,,,,,,,,,,
,,,,,,,,,,,,,
,,,,,,,,,,,,,
,,,,,,,,,,,,,
,,,,,,,,,,,,,
,,,,,,,,,,,,,
,,,,,,,,,,,,,
,,,,,,,,,,,,,
,,,,,,,,,,,,,
,,,,,,,,,,,,,
,,,,,,,,,,,,,
,,,,,,,,,,,,,
,,,,,,,,,,,,,
,,,,,,,,,,,,,
,,,,,,,,,,,,,
,,,,,,,,,,,,,
,,,,,,,,,,,,,
,,,,,,,,,,,,,
,,,,,,,,,,,,,
,,,,,,,,,,,,,
,,,,,,,,,,,,,
,,,,,,,,,,,,,
,,,,,,,,,,,,,
,,,,,,,,,,,,,
,,,,,,,,,,,,,
,,,,,,,,,,,,,
,,,,,,,,,,,,,
,,,,,,,,,,,,,
,,,,,,,,,,,,,
,,,,,,,,,,,,,
,,,,,,,,,,,,,
,,,,,,,,,,,,,
,,,,,,,,,,,,,
,,,,,,,,,,,,,
,,,,,,,,,,,,,
,,,,,,,,,,,,,
,,,,,,,,,,,,,
,,,,,,,,,,,,,
,,,,,,,,,,,,,
,,,,,,,,,,,,,
,,,,,,,,,,,,,
,,,,,,,,,,,,,
,,,,,,,,,,,,,
,,,,,,,,,,,,,
,,,,,,,,,,,,,
,,,,,,,,,,,,,
,,,,,,,,,,,,,
,,,,,,,,,,,,,
,,,,,,,,,,,,,
,,,,,,,,,,,,,
,,,,,,,,,,,,,
,,,,,,,,,,,,,
,,,,,,,,,,,,,
,,,,,,,,,,,,,
,,,,,,,,,,,,,
,,,,,,,,,,,,,
,,,,,,,,,,,,,
,,,,,,,,,,,,,
,,,,,,,,,,,,,
,,,,,,,,,,,,,
,,,,,,,,,,,,,
,,,,,,,,,,,,,
,,,,,,,,,,,,,
,,,,,,,,,,,,,
,,,,,,,,,,,,,
,,,,,,,,,,,,,
,,,,,,,,,,,,,
,,,,,,,,,,,,,
,,,,,,,,,,,,,
,,,,,,,,,,,,,
,,,,,,,,,,,,,
,,,,,,,,,,,,,
,,,,,,,,,,,,,
,,,,,,,,,,,,,
,,,,,,,,,,,,,
,,,,,,,,,,,,,
,,,,,,,,,,,,,
,,,,,,,,,,,,,
,,,,,,,,,,,,,
,,,,,,,,,,,,,
,,,,,,,,,,,,,
,,,,,,,,,,,,,
,,,,,,,,,,,,,
,,,,,,,,,,,,,
,,,,,,,,,,,,,
,,,,,,,,,,,,,
,,,,,,,,,,,,,
,,,,,,,,,,,,,
,,,,,,,,,,,,,
,,,,,,,,,,,,,
,,,,,,,,,,,,,
,,,,,,,,,,,,,
,,,,,,,,,,,,,
,,,,,,,,,,,,,
,,,,,,,,,,,,,
,,,,,,,,,,,,,
,,,,,,,,,,,,,
,,,,,,,,,,,,,
,,,,,,,,,,,,,
,,,,,,,,,,,,,
,,,,,,,,,,,,,
,,,,,,,,,,,,,
,,,,,,,,,,,,,
,,,,,,,,,,,,,
,,,,,,,,,,,,,
,,,,,,,,,,,,,
,,,,,,,,,,,,,
,,,,,,,,,,,,,
,,,,,,,,,,,,,
,,,,,,,,,,,,,
,,,,,,,,,,,,,
,,,,,,,,,,,,,
,,,,,,,,,,,,,
,,,,,,,,,,,,,
,,,,,,,,,,,,,
,,,,,,,,,,,,,
,,,,,,,,,,,,,
,,,,,,,,,,,,,
,,,,,,,,,,,,,
,,,,,,,,,,,,,
,,,,,,,,,,,,,
,,,,,,,,,,,,,
,,,,,,,,,,,,,
,,,,,,,,,,,,,
,,,,,,,,,,,,,
,,,,,,,,,,,,,
,,,,,,,,,,,,,
,,,,,,,,,,,,,
,,,,,,,,,,,,,
,,,,,,,,,,,,,
,,,,,,,,,,,,,
,,,,,,,,,,,,,
,,,,,,,,,,,,,
,,,,,,,,,,,,,
,,,,,,,,,,,,,
,,,,,,,,,,,,,
,,,,,,,,,,,,,
,,,,,,,,,,,,,
,,,,,,,,,,,,,
,,,,,,,,,,,,,
,,,,,,,,,,,,,
,,,,,,,,,,,,,
,,,,,,,,,,,,,
,,,,,,,,,,,,,
,,,,,,,,,,,,,
,,,,,,,,,,,,,
,,,,,,,,,,,,,
,,,,,,,,,,,,,
,,,,,,,,,,,,,
,,,,,,,,,,,,,
,,,,,,,,,,,,,
,,,,,,,,,,,,,
,,,,,,,,,,,,,
,,,,,,,,,,,,,
,,,,,,,,,,,,,
,,,,,,,,,,,,,
,,,,,,,,,,,,,
,,,,,,,,,,,,,
,,,,,,,,,,,,,
,,,,,,,,,,,,,
,,,,,,,,,,,,,
,,,,,,,,,,,,,
,,,,,,,,,,,,,
,,,,,,,,,,,,,
,,,,,,,,,,,,,
,,,,,,,,,,,,,
,,,,,,,,,,,,,
,,,,,,,,,,,,,
,,,,,,,,,,,,,
,,,,,,,,,,,,,
,,,,,,,,,,,,,
,,,,,,,,,,,,,
,,,,,,,,,,,,,
,,,,,,,,,,,,,
,,,,,,,,,,,,,
,,,,,,,,,,,,,
,,,,,,,,,,,,,
,,,,,,,,,,,,,
,,,,,,,,,,,,,
,,,,,,,,,,,,,
,,,,,,,,,,,,,
,,,,,,,,,,,,,
,,,,,,,,,,,,,
,,,,,,,,,,,,,
,,,,,,,,,,,,,
,,,,,,,,,,,,,
,,,,,,,,,,,,,
,,,,,,,,,,,,,
,,,,,,,,,,,,,
,,,,,,,,,,,,,
,,,,,,,,,,,,,
,,,,,,,,,,,,,
,,,,,,,,,,,,,
,,,,,,,,,,,,,
,,,,,,,,,,,,,
,,,,,,,,,,,,,
,,,,,,,,,,,,,
,,,,,,,,,,,,,
,,,,,,,,,,,,,
,,,,,,,,,,,,,
,,,,,,,,,,,,,
,,,,,,,,,,,,,
,,,,,,,,,,,,,
,,,,,,,,,,,,,
,,,,,,,,,,,,,
,,,,,,,,,,,,,
,,,,,,,,,,,,,
,,,,,,,,,,,,,
,,,,,,,,,,,,,
,,,,,,,,,,,,,
,,,,,,,,,,,,,
,,,,,,,,,,,,,
,,,,,,,,,,,,,
,,,,,,,,,,,,,
,,,,,,,,,,,,,
,,,,,,,,,,,,,
,,,,,,,,,,,,,
,,,,,,,,,,,,,
,,,,,,,,,,,,,
,,,,,,,,,,,,,
,,,,,,,,,,,,,
,,,,,,,,,,,,,
,,,,,,,,,,,,,
,,,,,,,,,,,,,
,,,,,,,,,,,,,
,,,,,,,,,,,,,
,,,,,,,,,,,,,
,,,,,,,,,,,,,
,,,,,,,,,,,,,
,,,,,,,,,,,,,
,,,,,,,,,,,,,
,,,,,,,,,,,,,
,,,,,,,,,,,,,
,,,,,,,,,,,,,
,,,,,,,,,,,,,
,,,,,,,,,,,,,
,,,,,,,,,,,,,
,,,,,,,,,,,,,
,,,,,,,,,,,,,
,,,,,,,,,,,,,
,,,,,,,,,,,,,
,,,,,,,,,,,,,
,,,,,,,,,,,,,
,,,,,,,,,,,,,
,,,,,,,,,,,,,
,,,,,,,,,,,,,
,,,,,,,,,,,,,
,,,,,,,,,,,,,
,,,,,,,,,,,,,
,,,,,,,,,,,,,
,,,,,,,,,,,,,
,,,,,,,,,,,,,
,,,,,,,,,,,,,
,,,,,,,,,,,,,
,,,,,,,,,,,,,
,,,,,,,,,,,,,
,,,,,,,,,,,,,
,,,,,,,,,,,,,
,,,,,,,,,,,,,
,,,,,,,,,,,,,
,,,,,,,,,,,,,
,,,,,,,,,,,,,
,,,,,,,,,,,,,
,,,,,,,,,,,,,
,,,,,,,,,,,,,
,,,,,,,,,,,,,
,,,,,,,,,,,,,
,,,,,,,,,,,,,
,,,,,,,,,,,,,
,,,,,,,,,,,,,
,,,,,,,,,,,,,
,,,,,,,,,,,,,
,,,,,,,,,,,,,
,,,,,,,,,,,,,
,,,,,,,,,,,,,
,,,,,,,,,,,,,
,,,,,,,,,,,,,
,,,,,,,,,,,,,
,,,,,,,,,,,,,
,,,,,,,,,,,,,
,,,,,,,,,,,,,
,,,,,,,,,,,,,
,,,,,,,,,,,,,
,,,,,,,,,,,,,
,,,,,,,,,,,,,
,,,,,,,,,,,,,
,,,,,,,,,,,,,
,,,,,,,,,,,,,
,,,,,,,,,,,,,
,,,,,,,,,,,,,
,,,,,,,,,,,,,
,,,,,,,,,,,,,
,,,,,,,,,,,,,
,,,,,,,,,,,,,
,,,,,,,,,,,,,
,,,,,,,,,,,,,
,,,,,,,,,,,,,
,,,,,,,,,,,,,
,,,,,,,,,,,,,
,,,,,,,,,,,,,
,,,,,,,,,,,,,
,,,,,,,,,,,,,
,,,,,,,,,,,,,
,,,,,,,,,,,,,
,,,,,,,,,,,,,
,,,,,,,,,,,,,
,,,,,,,,,,,,,
,,,,,,,,,,,,,
,,,,,,,,,,,,,
,,,,,,,,,,,,,
,,,,,,,,,,,,,
,,,,,,,,,,,,,
,,,,,,,,,,,,,
,,,,,,,,,,,,,
,,,,,,,,,,,,,
,,,,,,,,,,,,,
,,,,,,,,,,,,,
,,,,,,,,,,,,,
,,,,,,,,,,,,,
,,,,,,,,,,,,,
,,,,,,,,,,,,,
,,,,,,,,,,,,,
,,,,,,,,,,,,,
,,,,,,,,,,,,,
,,,,,,,,,,,,,
,,,,,,,,,,,,,
,,,,,,,,,,,,,
,,,,,,,,,,,,,
,,,,,,,,,,,,,
,,,,,,,,,,,,,
,,,,,,,,,,,,,
,,,,,,,,,,,,,
,,,,,,,,,,,,,
,,,,,,,,,,,,,
,,,,,,,,,,,,,
,,,,,,,,,,,,,
,,,,,,,,,,,,,
,,,,,,,,,,,,,
,,,,,,,,,,,,,
,,,,,,,,,,,,,
,,,,,,,,,,,,,
,,,,,,,,,,,,,
,,,,,,,,,,,,,
,,,,,,,,,,,,,
,,,,,,,,,,,,,
,,,,,,,,,,,,,
,,,,,,,,,,,,,
,,,,,,,,,,,,,
,,,,,,,,,,,,,
,,,,,,,,,,,,,
,,,,,,,,,,,,,
,,,,,,,,,,,,,
,,,,,,,,,,,,,
,,,,,,,,,,,,,
,,,,,,,,,,,,,
,,,,,,,,,,,,,
,,,,,,,,,,,,,
,,,,,,,,,,,,,
,,,,,,,,,,,,,
,,,,,,,,,,,,,
,,,,,,,,,,,,,
,,,,,,,,,,,,,
,,,,,,,,,,,,,
,,,,,,,,,,,,,
,,,,,,,,,,,,,
,,,,,,,,,,,,,
,,,,,,,,,,,,,
,,,,,,,,,,,,,
,,,,,,,,,,,,,
,,,,,,,,,,,,,
,,,,,,,,,,,,,
,,,,,,,,,,,,,
,,,,,,,,,,,,,
,,,,,,,,,,,,,
,,,,,,,,,,,,,
,,,,,,,,,,,,,
,,,,,,,,,,,,,
,,,,,,,,,,,,,
,,,,,,,,,,,,,
,,,,,,,,,,,,,
,,,,,,,,,,,,,
,,,,,,,,,,,,,
,,,,,,,,,,,,,
,,,,,,,,,,,,,
,,,,,,,,,,,,,
,,,,,,,,,,,,,
,,,,,,,,,,,,,
,,,,,,,,,,,,,
,,,,,,,,,,,,,
,,,,,,,,,,,,,
,,,,,,,,,,,,,
,,,,,,,,,,,,,
,,,,,,,,,,,,,
,,,,,,,,,,,,,
,,,,,,,,,,,,,
,,,,,,,,,,,,,
,,,,,,,,,,,,,
,,,,,,,,,,,,,
,,,,,,,,,,,,,
,,,,,,,,,,,,,
,,,,,,,,,,,,,
,,,,,,,,,,,,,
,,,,,,,,,,,,,
,,,,,,,,,,,,,
,,,,,,,,,,,,,
,,,,,,,,,,,,,
,,,,,,,,,,,,,
,,,,,,,,,,,,,
,,,,,,,,,,,,,
,,,,,,,,,,,,,
,,,,,,,,,,,,,
,,,,,,,,,,,,,
,,,,,,,,,,,,,
,,,,,,,,,,,,,
,,,,,,,,,,,,,
,,,,,,,,,,,,,
,,,,,,,,,,,,,
,,,,,,,,,,,,,
,,,,,,,,,,,,,
,,,,,,,,,,,,,
,,,,,,,,,,,,,
,,,,,,,,,,,,,
,,,,,,,,,,,,,
,,,,,,,,,,,,,
,,,,,,,,,,,,,
,,,,,,,,,,,,,
,,,,,,,,,,,,,
,,,,,,,,,,,,,
,,,,,,,,,,,,,
,,,,,,,,,,,,,
,,,,,,,,,,,,,
,,,,,,,,,,,,,
,,,,,,,,,,,,,
,,,,,,,,,,,,,
,,,,,,,,,,,,,
,,,,,,,,,,,,,
,,,,,,,,,,,,,
,,,,,,,,,,,,,
,,,,,,,,,,,,,
,,,,,,,,,,,,,
,,,,,,,,,,,,,
,,,,,,,,,,,,,
,,,,,,,,,,,,,
,,,,,,,,,,,,,
,,,,,,,,,,,,,
,,,,,,,,,,,,,
,,,,,,,,,,,,,
,,,,,,,,,,,,,
,,,,,,,,,,,,,
,,,,,,,,,,,,,
,,,,,,,,,,,,,
,,,,,,,,,,,,,
,,,,,,,,,,,,,
,,,,,,,,,,,,,
,,,,,,,,,,,,,
,,,,,,,,,,,,,
,,,,,,,,,,,,,
,,,,,,,,,,,,,
,,,,,,,,,,,,,
,,,,,,,,,,,,,
,,,,,,,,,,,,,
,,,,,,,,,,,,,
,,,,,,,,,,,,,
,,,,,,,,,,,,,
,,,,,,,,,,,,,
,,,,,,,,,,,,,
,,,,,,,,,,,,,
,,,,,,,,,,,,,
,,,,,,,,,,,,,
,,,,,,,,,,,,,
,,,,,,,,,,,,,
,,,,,,,,,,,,,
,,,,,,,,,,,,,
,,,,,,,,,,,,,
,,,,,,,,,,,,,
,,,,,,,,,,,,,
,,,,,,,,,,,,,
,,,,,,,,,,,,,
,,,,,,,,,,,,,
,,,,,,,,,,,,,
,,,,,,,,,,,,,
,,,,,,,,,,,,,
,,,,,,,,,,,,,
,,,,,,,,,,,,,
,,,,,,,,,,,,,
,,,,,,,,,,,,,
,,,,,,,,,,,,,
,,,,,,,,,,,,,
,,,,,,,,,,,,,
,,,,,,,,,,,,,
,,,,,,,,,,,,,
,,,,,,,,,,,,,
,,,,,,,,,,,,,
,,,,,,,,,,,,,
,,,,,,,,,,,,,
,,,,,,,,,,,,,
,,,,,,,,,,,,,
,,,,,,,,,,,,,
,,,,,,,,,,,,,
,,,,,,,,,,,,,
,,,,,,,,,,,,,
,,,,,,,,,,,,,
,,,,,,,,,,,,,
,,,,,,,,,,,,,
,,,,,,,,,,,,,
,,,,,,,,,,,,,
,,,,,,,,,,,,,
,,,,,,,,,,,,,
,,,,,,,,,,,,,
,,,,,,,,,,,,,
,,,,,,,,,,,,,
,,,,,,,,,,,,,
,,,,,,,,,,,,,
,,,,,,,,,,,,,
,,,,,,,,,,,,,
,,,,,,,,,,,,,
,,,,,,,,,,,,,
,,,,,,,,,,,,,
,,,,,,,,,,,,,
,,,,,,,,,,,,,
,,,,,,,,,,,,,
,,,,,,,,,,,,,
,,,,,,,,,,,,,
,,,,,,,,,,,,,
,,,,,,,,,,,,,
,,,,,,,,,,,,,
,,,,,,,,,,,,,
,,,,,,,,,,,,,
,,,,,,,,,,,,,
,,,,,,,,,,,,,
,,,,,,,,,,,,,
,,,,,,,,,,,,,
,,,,,,,,,,,,,
,,,,,,,,,,,,,
,,,,,,,,,,,,,
,,,,,,,,,,,,,
,,,,,,,,,,,,,
,,,,,,,,,,,,,
,,,,,,,,,,,,,
,,,,,,,,,,,,,
,,,,,,,,,,,,,
,,,,,,,,,,,,,
,,,,,,,,,,,,,
,,,,,,,,,,,,,
,,,,,,,,,,,,,
,,,,,,,,,,,,,
,,,,,,,,,,,,,
,,,,,,,,,,,,,
,,,,,,,,,,,,,
,,,,,,,,,,,,,
,,,,,,,,,,,,,
,,,,,,,,,,,,,
,,,,,,,,,,,,,
,,,,,,,,,,,,,
,,,,,,,,,,,,,
,,,,,,,,,,,,,
,,,,,,,,,,,,,
,,,,,,,,,,,,,
,,,,,,,,,,,,,
,,,,,,,,,,,,,
,,,,,,,,,,,,,
,,,,,,,,,,,,,
,,,,,,,,,,,,,
,,,,,,,,,,,,,
,,,,,,,,,,,,,
,,,,,,,,,,,,,
,,,,,,,,,,,,,
,,,,,,,,,,,,,
,,,,,,,,,,,,,
,,,,,,,,,,,,,
,,,,,,,,,,,,,
,,,,,,,,,,,,,
,,,,,,,,,,,,,
,,,,,,,,,,,,,
,,,,,,,,,,,,,
,,,,,,,,,,,,,
,,,,,,,,,,,,,
,,,,,,,,,,,,,
,,,,,,,,,,,,,
,,,,,,,,,,,,,
,,,,,,,,,,,,,
,,,,,,,,,,,,,
,,,,,,,,,,,,,
,,,,,,,,,,,,,
,,,,,,,,,,,,,
,,,,,,,,,,,,,
,,,,,,,,,,,,,
,,,,,,,,,,,,,
,,,,,,,,,,,,,
,,,,,,,,,,,,,
,,,,,,,,,,,,,
,,,,,,,,,,,,,
,,,,,,,,,,,,,
,,,,,,,,,,,,,
,,,,,,,,,,,,,
,,,,,,,,,,,,,
,,,,,,,,,,,,,
,,,,,,,,,,,,,
,,,,,,,,,,,,,
,,,,,,,,,,,,,
,,,,,,,,,,,,,
,,,,,,,,,,,,,
,,,,,,,,,,,,,
,,,,,,,,,,,,,
,,,,,,,,,,,,,
,,,,,,,,,,,,,
,,,,,,,,,,,,,
,,,,,,,,,,,,,
,,,,,,,,,,,,,
,,,,,,,,,,,,,
,,,,,,,,,,,,,
,,,,,,,,,,,,,
,,,,,,,,,,,,,
,,,,,,,,,,,,,
,,,,,,,,,,,,,
,,,,,,,,,,,,,
,,,,,,,,,,,,,
,,,,,,,,,,,,,
,,,,,,,,,,,,,
,,,,,,,,,,,,,
,,,,,,,,,,,,,
,,,,,,,,,,,,,
,,,,,,,,,,,,,
,,,,,,,,,,,,,
,,,,,,,,,,,,,
,,,,,,,,,,,,,
,,,,,,,,,,,,,
,,,,,,,,,,,,,
,,,,,,,,,,,,,
,,,,,,,,,,,,,
,,,,,,,,,,,,,
,,,,,,,,,,,,,
,,,,,,,,,,,,,
,,,,,,,,,,,,,
,,,,,,,,,,,,,
,,,,,,,,,,,,,
,,,,,,,,,,,,,
,,,,,,,,,,,,,
,,,,,,,,,,,,,
,,,,,,,,,,,,,
,,,,,,,,,,,,,
,,,,,,,,,,,,,
,,,,,,,,,,,,,
,,,,,,,,,,,,,
,,,,,,,,,,,,,
,,,,,,,,,,,,,
,,,,,,,,,,,,,
,,,,,,,,,,,,,
,,,,,,,,,,,,,
,,,,,,,,,,,,,
,,,,,,,,,,,,,
,,,,,,,,,,,,,
,,,,,,,,,,,,,
,,,,,,,,,,,,,
,,,,,,,,,,,,,
,,,,,,,,,,,,,
,,,,,,,,,,,,,
,,,,,,,,,,,,,
,,,,,,,,,,,,,
,,,,,,,,,,,,,
,,,,,,,,,,,,,
,,,,,,,,,,,,,
,,,,,,,,,,,,,
,,,,,,,,,,,,,
,,,,,,,,,,,,,
,,,,,,,,,,,,,
,,,,,,,,,,,,,
,,,,,,,,,,,,,
,,,,,,,,,,,,,
,,,,,,,,,,,,,
,,,,,,,,,,,,,
,,,,,,,,,,,,,
,,,,,,,,,,,,,
,,,,,,,,,,,,,
,,,,,,,,,,,,,
,,,,,,,,,,,,,
,,,,,,,,,,,,,
,,,,,,,,,,,,,
,,,,,,,,,,,,,
,,,,,,,,,,,,,
,,,,,,,,,,,,,
,,,,,,,,,,,,,
,,,,,,,,,,,,,
,,,,,,,,,,,,,
,,,,,,,,,,,,,
,,,,,,,,,,,,,
,,,,,,,,,,,,,
,,,,,,,,,,,,,
,,,,,,,,,,,,,
,,,,,,,,,,,,,
,,,,,,,,,,,,,
,,,,,,,,,,,,,
,,,,,,,,,,,,,
,,,,,,,,,,,,,
,,,,,,,,,,,,,
,,,,,,,,,,,,,
,,,,,,,,,,,,,
,,,,,,,,,,,,,
,,,,,,,,,,,,,
,,,,,,,,,,,,,
,,,,,,,,,,,,,
,,,,,,,,,,,,,
,,,,,,,,,,,,,
,,,,,,,,,,,,,
,,,,,,,,,,,,,
,,,,,,,,,,,,,
,,,,,,,,,,,,,
,,,,,,,,,,,,,
,,,,,,,,,,,,,
,,,,,,,,,,,,,
,,,,,,,,,,,,,
,,,,,,,,,,,,,
,,,,,,,,,,,,,
,,,,,,,,,,,,,
,,,,,,,,,,,,,
,,,,,,,,,,,,,
,,,,,,,,,,,,,
,,,,,,,,,,,,,
,,,,,,,,,,,,,
,,,,,,,,,,,,,
,,,,,,,,,,,,,
,,,,,,,,,,,,,
,,,,,,,,,,,,,
,,,,,,,,,,,,,
,,,,,,,,,,,,,
,,,,,,,,,,,,,
,,,,,,,,,,,,,
,,,,,,,,,,,,,
,,,,,,,,,,,,,
,,,,,,,,,,,,,
,,,,,,,,,,,,,
,,,,,,,,,,,,,
,,,,,,,,,,,,,
,,,,,,,,,,,,,
,,,,,,,,,,,,,
,,,,,,,,,,,,,
,,,,,,,,,,,,,
,,,,,,,,,,,,,
,,,,,,,,,,,,,
,,,,,,,,,,,,,
,,,,,,,,,,,,,
,,,,,,,,,,,,,
,,,,,,,,,,,,,
,,,,,,,,,,,,,
,,,,,,,,,,,,,
,,,,,,,,,,,,,
,,,,,,,,,,,,,
,,,,,,,,,,,,,
,,,,,,,,,,,,,
,,,,,,,,,,,,,
,,,,,,,,,,,,,
,,,,,,,,,,,,,
,,,,,,,,,,,,,
,,,,,,,,,,,,,
,,,,,,,,,,,,,
,,,,,,,,,,,,,
,,,,,,,,,,,,,
,,,,,,,,,,,,,
,,,,,,,,,,,,,
,,,,,,,,,,,,,
,,,,,,,,,,,,,
,,,,,,,,,,,,,
,,,,,,,,,,,,,
,,,,,,,,,,,,,
,,,,,,,,,,,,,
,,,,,,,,,,,,,
,,,,,,,,,,,,,
,,,,,,,,,,,,,
,,,,,,,,,,,,,
,,,,,,,,,,,,,
,,,,,,,,,,,,,
,,,,,,,,,,,,,
,,,,,,,,,,,,,
,,,,,,,,,,,,,
,,,,,,,,,,,,,
,,,,,,,,,,,,,
,,,,,,,,,,,,,
,,,,,,,,,,,,,
,,,,,,,,,,,,,
,,,,,,,,,,,,,
,,,,,,,,,,,,,
,,,,,,,,,,,,,
,,,,,,,,,,,,,
,,,,,,,,,,,,,
,,,,,,,,,,,,,
,,,,,,,,,,,,,
,,,,,,,,,,,,,
,,,,,,,,,,,,,
,,,,,,,,,,,,,
,,,,,,,,,,,,,
,,,,,,,,,,,,,
,,,,,,,,,,,,,
,,,,,,,,,,,,,
,,,,,,,,,,,,,
,,,,,,,,,,,,,
,,,,,,,,,,,,,
,,,,,,,,,,,,,
,,,,,,,,,,,,,
,,,,,,,,,,,,,
,,,,,,,,,,,,,
,,,,,,,,,,,,,
,,,,,,,,,,,,,
,,,,,,,,,,,,,
,,,,,,,,,,,,,
,,,,,,,,,,,,,
,,,,,,,,,,,,,
,,,,,,,,,,,,,
,,,,,,,,,,,,,
,,,,,,,,,,,,,
,,,,,,,,,,,,,
,,,,,,,,,,,,,
,,,,,,,,,,,,,
,,,,,,,,,,,,,
,,,,,,,,,,,,,
,,,,,,,,,,,,,
,,,,,,,,,,,,,
,,,,,,,,,,,,,
,,,,,,,,,,,,,
,,,,,,,,,,,,,
,,,,,,,,,,,,,
,,,,,,,,,,,,,
,,,,,,,,,,,,,
,,,,,,,,,,,,,
,,,,,,,,,,,,,
,,,,,,,,,,,,,
,,,,,,,,,,,,,
,,,,,,,,,,,,,
,,,,,,,,,,,,,
,,,,,,,,,,,,,
,,,,,,,,,,,,,
,,,,,,,,,,,,,
,,,,,,,,,,,,,
,,,,,,,,,,,,,
,,,,,,,,,,,,,
,,,,,,,,,,,,,
,,,,,,,,,,,,,
,,,,,,,,,,,,,
,,,,,,,,,,,,,
,,,,,,,,,,,,,
,,,,,,,,,,,,,
,,,,,,,,,,,,,
,,,,,,,,,,,,,
,,,,,,,,,,,,,
,,,,,,,,,,,,,
,,,,,,,,,,,,,
,,,,,,,,,,,,,
,,,,,,,,,,,,,
,,,,,,,,,,,,,
,,,,,,,,,,,,,
,,,,,,,,,,,,,
,,,,,,,,,,,,,
,,,,,,,,,,,,,
,,,,,,,,,,,,,
,,,,,,,,,,,,,
,,,,,,,,,,,,,
,,,,,,,,,,,,,
,,,,,,,,,,,,,
,,,,,,,,,,,,,
,,,,,,,,,,,,,
,,,,,,,,,,,,,
,,,,,,,,,,,,,
,,,,,,,,,,,,,
,,,,,,,,,,,,,
,,,,,,,,,,,,,
,,,,,,,,,,,,,
,,,,,,,,,,,,,
,,,,,,,,,,,,,
,,,,,,,,,,,,,
,,,,,,,,,,,,,
,,,,,,,,,,,,,
,,,,,,,,,,,,,
,,,,,,,,,,,,,
,,,,,,,,,,,,,
,,,,,,,,,,,,,
,,,,,,,,,,,,,
,,,,,,,,,,,,,
,,,,,,,,,,,,,
,,,,,,,,,,,,,
,,,,,,,,,,,,,
,,,,,,,,,,,,,
,,,,,,,,,,,,,
,,,,,,,,,,,,,
,,,,,,,,,,,,,
,,,,,,,,,,,,,
,,,,,,,,,,,,,
,,,,,,,,,,,,,
,,,,,,,,,,,,,
,,,,,,,,,,,,,
,,,,,,,,,,,,,
,,,,,,,,,,,,,
,,,,,,,,,,,,,
,,,,,,,,,,,,,
,,,,,,,,,,,,,
,,,,,,,,,,,,,
,,,,,,,,,,,,,
,,,,,,,,,,,,,
,,,,,,,,,,,,,
,,,,,,,,,,,,,
,,,,,,,,,,,,,
,,,,,,,,,,,,,
,,,,,,,,,,,,,
,,,,,,,,,,,,,
,,,,,,,,,,,,,
,,,,,,,,,,,,,
,,,,,,,,,,,,,
,,,,,,,,,,,,,
,,,,,,,,,,,,,
,,,,,,,,,,,,,
,,,,,,,,,,,,,
,,,,,,,,,,,,,
,,,,,,,,,,,,,
,,,,,,,,,,,,,
,,,,,,,,,,,,,
,,,,,,,,,,,,,
,,,,,,,,,,,,,
,,,,,,,,,,,,,
,,,,,,,,,,,,,
,,,,,,,,,,,,,
,,,,,,,,,,,,,
,,,,,,,,,,,,,
,,,,,,,,,,,,,
,,,,,,,,,,,,,
,,,,,,,,,,,,,
,,,,,,,,,,,,,
,,,,,,,,,,,,,
,,,,,,,,,,,,,
,,,,,,,,,,,,,
,,,,,,,,,,,,,
,,,,,,,,,,,,,
,,,,,,,,,,,,,
,,,,,,,,,,,,,
,,,,,,,,,,,,,
,,,,,,,,,,,,,
,,,,,,,,,,,,,
,,,,,,,,,,,,,
,,,,,,,,,,,,,
,,,,,,,,,,,,,
,,,,,,,,,,,,,
,,,,,,,,,,,,,
,,,,,,,,,,,,,
,,,,,,,,,,,,,
,,,,,,,,,,,,,
,,,,,,,,,,,,,
,,,,,,,,,,,,,
,,,,,,,,,,,,,
,,,,,,,,,,,,,
,,,,,,,,,,,,,
,,,,,,,,,,,,,
,,,,,,,,,,,,,
,,,,,,,,,,,,,
,,,,,,,,,,,,,
,,,,,,,,,,,,,
,,,,,,,,,,,,,
,,,,,,,,,,,,,
,,,,,,,,,,,,,
,,,,,,,,,,,,,
,,,,,,,,,,,,,
,,,,,,,,,,,,,
,,,,,,,,,,,,,
,,,,,,,,,,,,,
,,,,,,,,,,,,,
,,,,,,,,,,,,,
,,,,,,,,,,,,,
,,,,,,,,,,,,,
,,,,,,,,,,,,,
,,,,,,,,,,,,,
,,,,,,,,,,,,,
,,,,,,,,,,,,,
,,,,,,,,,,,,,
,,,,,,,,,,,,,
,,,,,,,,,,,,,
,,,,,,,,,,,,,
,,,,,,,,,,,,,
,,,,,,,,,,,,,
,,,,,,,,,,,,,
,,,,,,,,,,,,,
,,,,,,,,,,,,,
,,,,,,,,,,,,,
,,,,,,,,,,,,,
,,,,,,,,,,,,,
,,,,,,,,,,,,,
,,,,,,,,,,,,,
,,,,,,,,,,,,,
,,,,,,,,,,,,,
,,,,,,,,,,,,,
,,,,,,,,,,,,,
,,,,,,,,,,,,,
,,,,,,,,,,,,,
,,,,,,,,,,,,,
,,,,,,,,,,,,,
,,,,,,,,,,,,,
,,,,,,,,,,,,,
,,,,,,,,,,,,,
,,,,,,,,,,,,,
,,,,,,,,,,,,,
,,,,,,,,,,,,,
,,,,,,,,,,,,,
,,,,,,,,,,,,,
,,,,,,,,,,,,,
,,,,,,,,,,,,,
,,,,,,,,,,,,,
,,,,,,,,,,,,,
,,,,,,,,,,,,,
,,,,,,,,,,,,,
,,,,,,,,,,,,,
,,,,,,,,,,,,,
,,,,,,,,,,,,,
,,,,,,,,,,,,,
,,,,,,,,,,,,,
,,,,,,,,,,,,,
,,,,,,,,,,,,,
,,,,,,,,,,,,,
,,,,,,,,,,,,,
,,,,,,,,,,,,,
,,,,,,,,,,,,,
,,,,,,,,,,,,,
,,,,,,,,,,,,,
,,,,,,,,,,,,,
,,,,,,,,,,,,,
,,,,,,,,,,,,,
,,,,,,,,,,,,,
,,,,,,,,,,,,,
,,,,,,,,,,,,,
,,,,,,,,,,,,,
,,,,,,,,,,,,,
,,,,,,,,,,,,,
,,,,,,,,,,,,,
,,,,,,,,,,,,,
,,,,,,,,,,,,,
,,,,,,,,,,,,,
,,,,,,,,,,,,,
,,,,,,,,,,,,,
,,,,,,,,,,,,,
,,,,,,,,,,,,,
,,,,,,,,,,,,,
,,,,,,,,,,,,,
,,,,,,,,,,,,,
,,,,,,,,,,,,,
,,,,,,,,,,,,,
,,,,,,,,,,,,,
,,,,,,,,,,,,,
,,,,,,,,,,,,,
,,,,,,,,,,,,,
,,,,,,,,,,,,,
,,,,,,,,,,,,,
,,,,,,,,,,,,,
,,,,,,,,,,,,,
,,,,,,,,,,,,,
,,,,,,,,,,,,,
,,,,,,,,,,,,,
,,,,,,,,,,,,,
,,,,,,,,,,,,,
,,,,,,,,,,,,,
,,,,,,,,,,,,,
,,,,,,,,,,,,,
,,,,,,,,,,,,,
,,,,,,,,,,,,,
,,,,,,,,,,,,,
,,,,,,,,,,,,,
,,,,,,,,,,,,,
,,,,,,,,,,,,,
,,,,,,,,,,,,,
,,,,,,,,,,,,,
,,,,,,,,,,,,,
,,,,,,,,,,,,,
,,,,,,,,,,,,,
,,,,,,,,,,,,,
,,,,,,,,,,,,,
,,,,,,,,,,,,,
,,,,,,,,,,,,,
,,,,,,,,,,,,,
,,,,,,,,,,,,,
,,,,,,,,,,,,,
,,,,,,,,,,,,,
,,,,,,,,,,,,,
,,,,,,,,,,,,,
,,,,,,,,,,,,,
,,,,,,,,,,,,,
,,,,,,,,,,,,,
,,,,,,,,,,,,,
,,,,,,,,,,,,,
,,,,,,,,,,,,,
,,,,,,,,,,,,,
,,,,,,,,,,,,,
,,,,,,,,,,,,,
,,,,,,,,,,,,,
,,,,,,,,,,,,,
,,,,,,,,,,,,,
,,,,,,,,,,,,,
,,,,,,,,,,,,,
,,,,,,,,,,,,,
,,,,,,,,,,,,,
,,,,,,,,,,,,,
,,,,,,,,,,,,,
,,,,,,,,,,,,,
,,,,,,,,,,,,,
,,,,,,,,,,,,,
,,,,,,,,,,,,,
,,,,,,,,,,,,,
,,,,,,,,,,,,,
,,,,,,,,,,,,,
,,,,,,,,,,,,,
,,,,,,,,,,,,,
,,,,,,,,,,,,,
,,,,,,,,,,,,,
,,,,,,,,,,,,,
,,,,,,,,,,,,,
,,,,,,,,,,,,,
,,,,,,,,,,,,,
,,,,,,,,,,,,,
,,,,,,,,,,,,,
,,,,,,,,,,,,,
,,,,,,,,,,,,,
,,,,,,,,,,,,,
,,,,,,,,,,,,,
,,,,,,,,,,,,,
,,,,,,,,,,,,,
,,,,,,,,,,,,,
,,,,,,,,,,,,,
,,,,,,,,,,,,,
,,,,,,,,,,,,,
,,,,,,,,,,,,,
,,,,,,,,,,,,,
,,,,,,,,,,,,,
,,,,,,,,,,,,,
,,,,,,,,,,,,,
,,,,,,,,,,,,,
,,,,,,,,,,,,,
,,,,,,,,,,,,,
,,,,,,,,,,,,,
,,,,,,,,,,,,,
,,,,,,,,,,,,,
,,,,,,,,,,,,,
,,,,,,,,,,,,,
,,,,,,,,,,,,,
,,,,,,,,,,,,,
,,,,,,,,,,,,,
,,,,,,,,,,,,,
,,,,,,,,,,,,,
,,,,,,,,,,,,,
,,,,,,,,,,,,,
,,,,,,,,,,,,,
,,,,,,,,,,,,,
,,,,,,,,,,,,,
,,,,,,,,,,,,,
,,,,,,,,,,,,,
,,,,,,,,,,,,,
,,,,,,,,,,,,,
,,,,,,,,,,,,,
,,,,,,,,,,,,,
,,,,,,,,,,,,,
,,,,,,,,,,,,,
,,,,,,,,,,,,,
,,,,,,,,,,,,,
,,,,,,,,,,,,,
,,,,,,,,,,,,,
,,,,,,,,,,,,,
,,,,,,,,,,,,,
,,,,,,,,,,,,,
,,,,,,,,,,,,,
,,,,,,,,,,,,,
,,,,,,,,,,,,,
,,,,,,,,,,,,,
,,,,,,,,,,,,,
,,,,,,,,,,,,,
,,,,,,,,,,,,,
,,,,,,,,,,,,,
,,,,,,,,,,,,,
,,,,,,,,,,,,,
,,,,,,,,,,,,,
,,,,,,,,,,,,,
,,,,,,,,,,,,,
,,,,,,,,,,,,,
,,,,,,,,,,,,,
,,,,,,,,,,,,,
,,,,,,,,,,,,,
,,,,,,,,,,,,,
,,,,,,,,,,,,,
,,,,,,,,,,,,,
,,,,,,,,,,,,,
,,,,,,,,,,,,,
,,,,,,,,,,,,,
,,,,,,,,,,,,,
,,,,,,,,,,,,,
,,,,,,,,,,,,,
,,,,,,,,,,,,,
,,,,,,,,,,,,,
,,,,,,,,,,,,,
,,,,,,,,,,,,,
,,,,,,,,,,,,,
,,,,,,,,,,,,,
,,,,,,,,,,,,,
,,,,,,,,,,,,,
,,,,,,,,,,,,,
,,,,,,,,,,,,,
,,,,,,,,,,,,,
,,,,,,,,,,,,,
,,,,,,,,,,,,,
,,,,,,,,,,,,,
,,,,,,,,,,,,,
,,,,,,,,,,,,,
,,,,,,,,,,,,,
,,,,,,,,,,,,,
,,,,,,,,,,,,,
,,,,,,,,,,,,,
,,,,,,,,,,,,,
,,,,,,,,,,,,,
,,,,,,,,,,,,,
,,,,,,,,,,,,,
,,,,,,,,,,,,,
,,,,,,,,,,,,,
,,,,,,,,,,,,,
,,,,,,,,,,,,,
,,,,,,,,,,,,,
,,,,,,,,,,,,,
,,,,,,,,,,,,,
,,,,,,,,,,,,,
,,,,,,,,,,,,,
,,,,,,,,,,,,,
,,,,,,,,,,,,,
,,,,,,,,,,,,,
,,,,,,,,,,,,,
,,,,,,,,,,,,,
,,,,,,,,,,,,,
,,,,,,,,,,,,,
,,,,,,,,,,,,,
,,,,,,,,,,,,,
,,,,,,,,,,,,,
,,,,,,,,,,,,,
,,,,,,,,,,,,,
,,,,,,,,,,,,,
,,,,,,,,,,,,,
,,,,,,,,,,,,,
,,,,,,,,,,,,,
,,,,,,,,,,,,,
,,,,,,,,,,,,,
,,,,,,,,,,,,,
,,,,,,,,,,,,,
,,,,,,,,,,,,,
,,,,,,,,,,,,,
,,,,,,,,,,,,,
,,,,,,,,,,,,,
,,,,,,,,,,,,,
,,,,,,,,,,,,,
,,,,,,,,,,,,,
,,,,,,,,,,,,,
,,,,,,,,,,,,,
,,,,,,,,,,,,,
,,,,,,,,,,,,,
,,,,,,,,,,,,,
,,,,,,,,,,,,,
,,,,,,,,,,,,,
,,,,,,,,,,,,,
,,,,,,,,,,,,,
,,,,,,,,,,,,,
,,,,,,,,,,,,,
,,,,,,,,,,,,,
,,,,,,,,,,,,,
,,,,,,,,,,,,,
,,,,,,,,,,,,,
,,,,,,,,,,,,,
,,,,,,,,,,,,,
,,,,,,,,,,,,,
,,,,,,,,,,,,,
,,,,,,,,,,,,,
,,,,,,,,,,,,,
,,,,,,,,,,,,,
,,,,,,,,,,,,,
,,,,,,,,,,,,,
,,,,,,,,,,,,,
,,,,,,,,,,,,,
,,,,,,,,,,,,,
,,,,,,,,,,,,,
,,,,,,,,,,,,,
,,,,,,,,,,,,,
,,,,,,,,,,,,,
,,,,,,,,,,,,,
,,,,,,,,,,,,,
,,,,,,,,,,,,,
,,,,,,,,,,,,,
,,,,,,,,,,,,,
,,,,,,,,,,,,,
,,,,,,,,,,,,,
,,,,,,,,,,,,,
,,,,,,,,,,,,,
,,,,,,,,,,,,,
,,,,,,,,,,,,,
,,,,,,,,,,,,,
,,,,,,,,,,,,,
,,,,,,,,,,,,,
,,,,,,,,,,,,,
,,,,,,,,,,,,,
,,,,,,,,,,,,,
,,,,,,,,,,,,,
,,,,,,,,,,,,,
,,,,,,,,,,,,,
,,,,,,,,,,,,,
,,,,,,,,,,,,,
,,,,,,,,,,,,,
,,,,,,,,,,,,,
,,,,,,,,,,,,,
,,,,,,,,,,,,,
,,,,,,,,,,,,,
,,,,,,,,,,,,,
,,,,,,,,,,,,,
,,,,,,,,,,,,,
,,,,,,,,,,,,,
,,,,,,,,,,,,,
,,,,,,,,,,,,,
,,,,,,,,,,,,,
,,,,,,,,,,,,,
,,,,,,,,,,,,,
,,,,,,,,,,,,,
,,,,,,,,,,,,,
,,,,,,,,,,,,,
,,,,,,,,,,,,,
,,,,,,,,,,,,,
,,,,,,,,,,,,,
,,,,,,,,,,,,,
,,,,,,,,,,,,,
,,,,,,,,,,,,,
,,,,,,,,,,,,,
,,,,,,,,,,,,,
,,,,,,,,,,,,,
,,,,,,,,,,,,,
,,,,,,,,,,,,,
,,,,,,,,,,,,,
,,,,,,,,,,,,,
,,,,,,,,,,,,,
,,,,,,,,,,,,,
,,,,,,,,,,,,,
,,,,,,,,,,,,,
,,,,,,,,,,,,,
,,,,,,,,,,,,,
,,,,,,,,,,,,,
,,,,,,,,,,,,,
,,,,,,,,,,,,,
,,,,,,,,,,,,,
,,,,,,,,,,,,,
,,,,,,,,,,,,,
,,,,,,,,,,,,,
,,,,,,,,,,,,,
,,,,,,,,,,,,,
,,,,,,,,,,,,,
,,,,,,,,,,,,,
,,,,,,,,,,,,,
,,,,,,,,,,,,,
,,,,,,,,,,,,,
,,,,,,,,,,,,,
,,,,,,,,,,,,,
,,,,,,,,,,,,,
,,,,,,,,,,,,,
,,,,,,,,,,,,,
,,,,,,,,,,,,,
,,,,,,,,,,,,,
,,,,,,,,,,,,,
,,,,,,,,,,,,,
,,,,,,,,,,,,,
,,,,,,,,,,,,,
,,,,,,,,,,,,,
,,,,,,,,,,,,,
,,,,,,,,,,,,,
,,,,,,,,,,,,,
,,,,,,,,,,,,,
,,,,,,,,,,,,,
,,,,,,,,,,,,,
,,,,,,,,,,,,,
,,,,,,,,,,,,,
,,,,,,,,,,,,,
,,,,,,,,,,,,,
,,,,,,,,,,,,,
,,,,,,,,,,,,,
,,,,,,,,,,,,,
,,,,,,,,,,,,,
,,,,,,,,,,,,,
,,,,,,,,,,,,,
,,,,,,,,,,,,,
,,,,,,,,,,,,,
,,,,,,,,,,,,,
,,,,,,,,,,,,,
,,,,,,,,,,,,,
,,,,,,,,,,,,,
,,,,,,,,,,,,,
,,,,,,,,,,,,,
,,,,,,,,,,,,,
,,,,,,,,,,,,,
,,,,,,,,,,,,,
,,,,,,,,,,,,,
,,,,,,,,,,,,,
,,,,,,,,,,,,,
,,,,,,,,,,,,,
,,,,,,,,,,,,,
,,,,,,,,,,,,,
,,,,,,,,,,,,,
,,,,,,,,,,,,,
,,,,,,,,,,,,,
,,,,,,,,,,,,,
,,,,,,,,,,,,,
,,,,,,,,,,,,,
,,,,,,,,,,,,,
,,,,,,,,,,,,,
,,,,,,,,,,,,,
,,,,,,,,,,,,,
,,,,,,,,,,,,,
,,,,,,,,,,,,,
,,,,,,,,,,,,,
,,,,,,,,,,,,,
,,,,,,,,,,,,,
,,,,,,,,,,,,,
,,,,,,,,,,,,,
,,,,,,,,,,,,,
,,,,,,,,,,,,,
,,,,,,,,,,,,,
,,,,,,,,,,,,,
,,,,,,,,,,,,,
,,,,,,,,,,,,,
,,,,,,,,,,,,,
,,,,,,,,,,,,,
,,,,,,,,,,,,,
,,,,,,,,,,,,,
,,,,,,,,,,,,,
,,,,,,,,,,,,,
,,,,,,,,,,,,,
,,,,,,,,,,,,,
,,,,,,,,,,,,,
,,,,,,,,,,,,,
,,,,,,,,,,,,,
,,,,,,,,,,,,,
,,,,,,,,,,,,,
,,,,,,,,,,,,,
,,,,,,,,,,,,,
,,,,,,,,,,,,,
,,,,,,,,,,,,,
,,,,,,,,,,,,,
,,,,,,,,,,,,,
,,,,,,,,,,,,,
,,,,,,,,,,,,,
,,,,,,,,,,,,,
,,,,,,,,,,,,,
,,,,,,,,,,,,,
,,,,,,,,,,,,,
,,,,,,,,,,,,,
,,,,,,,,,,,,,
,,,,,,,,,,,,,
,,,,,,,,,,,,,
,,,,,,,,,,,,,
,,,,,,,,,,,,,
,,,,,,,,,,,,,
,,,,,,,,,,,,,
,,,,,,,,,,,,,
,,,,,,,,,,,,,
,,,,,,,,,,,,,
,,,,,,,,,,,,,
,,,,,,,,,,,,,
,,,,,,,,,,,,,
,,,,,,,,,,,,,
,,,,,,,,,,,,,
,,,,,,,,,,,,,
,,,,,,,,,,,,,
,,,,,,,,,,,,,
,,,,,,,,,,,,,
,,,,,,,,,,,,,
,,,,,,,,,,,,,
,,,,,,,,,,,,,
,,,,,,,,,,,,,
,,,,,,,,,,,,,
,,,,,,,,,,,,,
,,,,,,,,,,,,,
,,,,,,,,,,,,,
,,,,,,,,,,,,,
,,,,,,,,,,,,,
,,,,,,,,,,,,,
,,,,,,,,,,,,,
,,,,,,,,,,,,,
,,,,,,,,,,,,,
,,,,,,,,,,,,,
,,,,,,,,,,,,,
,,,,,,,,,,,,,
,,,,,,,,,,,,,
,,,,,,,,,,,,,
,,,,,,,,,,,,,
,,,,,,,,,,,,,
,,,,,,,,,,,,,
,,,,,,,,,,,,,
,,,,,,,,,,,,,
,,,,,,,,,,,,,
,,,,,,,,,,,,,
,,,,,,,,,,,,,
,,,,,,,,,,,,,
,,,,,,,,,,,,,
,,,,,,,,,,,,,
,,,,,,,,,,,,,
,,,,,,,,,,,,,
,,,,,,,,,,,,,
,,,,,,,,,,,,,
,,,,,,,,,,,,,
,,,,,,,,,,,,,
,,,,,,,,,,,,,
,,,,,,,,,,,,,
,,,,,,,,,,,,,
,,,,,,,,,,,,,
,,,,,,,,,,,,,
,,,,,,,,,,,,,
,,,,,,,,,,,,,
,,,,,,,,,,,,,
,,,,,,,,,,,,,
,,,,,,,,,,,,,
,,,,,,,,,,,,,
,,,,,,,,,,,,,
,,,,,,,,,,,,,
,,,,,,,,,,,,,
,,,,,,,,,,,,,
,,,,,,,,,,,,,
,,,,,,,,,,,,,
,,,,,,,,,,,,,
,,,,,,,,,,,,,
,,,,,,,,,,,,,
,,,,,,,,,,,,,
,,,,,,,,,,,,,
,,,,,,,,,,,,,
,,,,,,,,,,,,,
,,,,,,,,,,,,,
,,,,,,,,,,,,,
,,,,,,,,,,,,,
,,,,,,,,,,,,,
,,,,,,,,,,,,,
,,,,,,,,,,,,,
,,,,,,,,,,,,,
,,,,,,,,,,,,,
,,,,,,,,,,,,,
,,,,,,,,,,,,,
,,,,,,,,,,,,,
,,,,,,,,,,,,,
,,,,,,,,,,,,,
,,,,,,,,,,,,,
,,,,,,,,,,,,,
,,,,,,,,,,,,,
,,,,,,,,,,,,,
,,,,,,,,,,,,,
,,,,,,,,,,,,,
,,,,,,,,,,,,,
,,,,,,,,,,,,,
,,,,,,,,,,,,,
,,,,,,,,,,,,,
,,,,,,,,,,,,,
,,,,,,,,,,,,,
,,,,,,,,,,,,,
,,,,,,,,,,,,,
,,,,,,,,,,,,,
,,,,,,,,,,,,,
,,,,,,,,,,,,,
,,,,,,,,,,,,,
,,,,,,,,,,,,,
,,,,,,,,,,,,,
,,,,,,,,,,,,,
,,,,,,,,,,,,,
,,,,,,,,,,,,,
,,,,,,,,,,,,,
,,,,,,,,,,,,,
,,,,,,,,,,,,,
,,,,,,,,,,,,,
,,,,,,,,,,,,,
,,,,,,,,,,,,,
,,,,,,,,,,,,,
,,,,,,,,,,,,,
,,,,,,,,,,,,,
,,,,,,,,,,,,,
,,,,,,,,,,,,,
,,,,,,,,,,,,,
,,,,,,,,,,,,,
,,,,,,,,,,,,,
,,,,,,,,,,,,,
,,,,,,,,,,,,,
,,,,,,,,,,,,,
,,,,,,,,,,,,,
,,,,,,,,,,,,,
,,,,,,,,,,,,,
,,,,,,,,,,,,,
,,,,,,,,,,,,,
,,,,,,,,,,,,,
,,,,,,,,,,,,,
,,,,,,,,,,,,,
,,,,,,,,,,,,,
,,,,,,,,,,,,,
,,,,,,,,,,,,,
,,,,,,,,,,,,,
,,,,,,,,,,,,,
,,,,,,,,,,,,,
,,,,,,,,,,,,,
,,,,,,,,,,,,,
,,,,,,,,,,,,,
,,,,,,,,,,,,,
,,,,,,,,,,,,,
,,,,,,,,,,,,,
,,,,,,,,,,,,,
,,,,,,,,,,,,,
,,,,,,,,,,,,,
,,,,,,,,,,,,,
,,,,,,,,,,,,,
,,,,,,,,,,,,,
,,,,,,,,,,,,,
,,,,,,,,,,,,,
,,,,,,,,,,,,,
,,,,,,,,,,,,,
,,,,,,,,,,,,,
,,,,,,,,,,,,,
,,,,,,,,,,,,,
,,,,,,,,,,,,,
,,,,,,,,,,,,,
,,,,,,,,,,,,,
,,,,,,,,,,,,,
,,,,,,,,,,,,,
,,,,,,,,,,,,,
,,,,,,,,,,,,,
,,,,,,,,,,,,,
,,,,,,,,,,,,,
,,,,,,,,,,,,,
,,,,,,,,,,,,,
,,,,,,,,,,,,,
,,,,,,,,,,,,,
,,,,,,,,,,,,,
,,,,,,,,,,,,,
,,,,,,,,,,,,,
,,,,,,,,,,,,,
,,,,,,,,,,,,,
,,,,,,,,,,,,,
,,,,,,,,,,,,,
,,,,,,,,,,,,,
,,,,,,,,,,,,,
,,,,,,,,,,,,,
,,,,,,,,,,,,,
,,,,,,,,,,,,,
,,,,,,,,,,,,,
,,,,,,,,,,,,,
,,,,,,,,,,,,,
,,,,,,,,,,,,,
,,,,,,,,,,,,,
,,,,,,,,,,,,,
,,,,,,,,,,,,,
,,,,,,,,,,,,,
,,,,,,,,,,,,,
,,,,,,,,,,,,,
,,,,,,,,,,,,,
,,,,,,,,,,,,,
,,,,,,,,,,,,,
,,,,,,,,,,,,,
,,,,,,,,,,,,,
,,,,,,,,,,,,,
,,,,,,,,,,,,,
,,,,,,,,,,,,,
,,,,,,,,,,,,,
,,,,,,,,,,,,,
,,,,,,,,,,,,,
,,,,,,,,,,,,,
,,,,,,,,,,,,,
,,,,,,,,,,,,,
,,,,,,,,,,,,,
,,,,,,,,,,,,,
,,,,,,,,,,,,,
,,,,,,,,,,,,,
,,,,,,,,,,,,,
,,,,,,,,,,,,,
,,,,,,,,,,,,,
,,,,,,,,,,,,,
,,,,,,,,,,,,,
,,,,,,,,,,,,,
,,,,,,,,,,,,,
,,,,,,,,,,,,,
,,,,,,,,,,,,,
,,,,,,,,,,,,,
,,,,,,,,,,,,,
,,,,,,,,,,,,,
,,,,,,,,,,,,,
,,,,,,,,,,,,,
,,,,,,,,,,,,,
,,,,,,,,,,,,,
,,,,,,,,,,,,,
,,,,,,,,,,,,,
,,,,,,,,,,,,,
,,,,,,,,,,,,,
,,,,,,,,,,,,,
,,,,,,,,,,,,,
,,,,,,,,,,,,,
,,,,,,,,,,,,,
,,,,,,,,,,,,,
,,,,,,,,,,,,,
,,,,,,,,,,,,,
,,,,,,,,,,,,,
,,,,,,,,,,,,,
,,,,,,,,,,,,,
,,,,,,,,,,,,,
,,,,,,,,,,,,,
,,,,,,,,,,,,,
,,,,,,,,,,,,,
,,,,,,,,,,,,,
,,,,,,,,,,,,,
,,,,,,,,,,,,,
,,,,,,,,,,,,,
,,,,,,,,,,,,,
,,,,,,,,,,,,,
,,,,,,,,,,,,,
,,,,,,,,,,,,,
,,,,,,,,,,,,,
,,,,,,,,,,,,,
,,,,,,,,,,,,,
,,,,,,,,,,,,,
,,,,,,,,,,,,,
,,,,,,,,,,,,,
,,,,,,,,,,,,,
,,,,,,,,,,,,,
,,,,,,,,,,,,,
,,,,,,,,,,,,,
,,,,,,,,,,,,,
,,,,,,,,,,,,,
,,,,,,,,,,,,,
,,,,,,,,,,,,,
,,,,,,,,,,,,,
,,,,,,,,,,,,,
,,,,,,,,,,,,,
,,,,,,,,,,,,,
,,,,,,,,,,,,,
,,,,,,,,,,,,,
,,,,,,,,,,,,,
,,,,,,,,,,,,,
,,,,,,,,,,,,,
,,,,,,,,,,,,,
,,,,,,,,,,,,,
,,,,,,,,,,,,,
,,,,,,,,,,,,,
,,,,,,,,,,,,,
,,,,,,,,,,,,,
,,,,,,,,,,,,,
,,,,,,,,,,,,,
,,,,,,,,,,,,,
,,,,,,,,,,,,,
,,,,,,,,,,,,,
,,,,,,,,,,,,,
,,,,,,,,,,,,,
,,,,,,,,,,,,,
,,,,,,,,,,,,,
,,,,,,,,,,,,,
,,,,,,,,,,,,,
,,,,,,,,,,,,,
,,,,,,,,,,,,,
,,,,,,,,,,,,,
,,,,,,,,,,,,,
,,,,,,,,,,,,,
,,,,,,,,,,,,,
,,,,,,,,,,,,,
,,,,,,,,,,,,,
,,,,,,,,,,,,,
,,,,,,,,,,,,,
,,,,,,,,,,,,,
,,,,,,,,,,,,,
,,,,,,,,,,,,,
,,,,,,,,,,,,,
,,,,,,,,,,,,,
,,,,,,,,,,,,,
,,,,,,,,,,,,,
,,,,,,,,,,,,,
,,,,,,,,,,,,,
,,,,,,,,,,,,,
,,,,,,,,,,,,,
,,,,,,,,,,,,,
,,,,,,,,,,,,,
,,,,,,,,,,,,,
,,,,,,,,,,,,,
,,,,,,,,,,,,,
,,,,,,,,,,,,,
,,,,,,,,,,,,,
,,,,,,,,,,,,,
,,,,,,,,,,,,,
,,,,,,,,,,,,,
,,,,,,,,,,,,,
,,,,,,,,,,,,,
,,,,,,,,,,,,,
,,,,,,,,,,,,,
,,,,,,,,,,,,,
,,,,,,,,,,,,,
,,,,,,,,,,,,,
,,,,,,,,,,,,,
,,,,,,,,,,,,,
,,,,,,,,,,,,,
,,,,,,,,,,,,,
,,,,,,,,,,,,,
,,,,,,,,,,,,,
,,,,,,,,,,,,,
,,,,,,,,,,,,,
,,,,,,,,,,,,,
,,,,,,,,,,,,,
,,,,,,,,,,,,,
,,,,,,,,,,,,,
,,,,,,,,,,,,,
,,,,,,,,,,,,,
,,,,,,,,,,,,,
,,,,,,,,,,,,,
,,,,,,,,,,,,,
,,,,,,,,,,,,,
,,,,,,,,,,,,,
,,,,,,,,,,,,,
,,,,,,,,,,,,,
,,,,,,,,,,,,,
,,,,,,,,,,,,,
,,,,,,,,,,,,,
,,,,,,,,,,,,,
,,,,,,,,,,,,,
,,,,,,,,,,,,,
,,,,,,,,,,,,,
,,,,,,,,,,,,,
,,,,,,,,,,,,,
,,,,,,,,,,,,,
,,,,,,,,,,,,,
,,,,,,,,,,,,,
,,,,,,,,,,,,,
,,,,,,,,,,,,,
,,,,,,,,,,,,,
,,,,,,,,,,,,,
,,,,,,,,,,,,,
,,,,,,,,,,,,,
,,,,,,,,,,,,,
,,,,,,,,,,,,,
,,,,,,,,,,,,,
,,,,,,,,,,,,,
,,,,,,,,,,,,,
,,,,,,,,,,,,,
,,,,,,,,,,,,,
,,,,,,,,,,,,,
,,,,,,,,,,,,,
,,,,,,,,,,,,,
,,,,,,,,,,,,,
,,,,,,,,,,,,,
,,,,,,,,,,,,,
,,,,,,,,,,,,,
,,,,,,,,,,,,,
,,,,,,,,,,,,,
,,,,,,,,,,,,,
,,,,,,,,,,,,,
,,,,,,,,,,,,,
,,,,,,,,,,,,,
,,,,,,,,,,,,,
,,,,,,,,,,,,,
,,,,,,,,,,,,,
,,,,,,,,,,,,,
,,,,,,,,,,,,,
,,,,,,,,,,,,,
,,,,,,,,,,,,,
,,,,,,,,,,,,,
,,,,,,,,,,,,,
,,,,,,,,,,,,,
,,,,,,,,,,,,,
,,,,,,,,,,,,,
,,,,,,,,,,,,,
,,,,,,,,,,,,,
,,,,,,,,,,,,,
,,,,,,,,,,,,,
,,,,,,,,,,,,,
,,,,,,,,,,,,,
,,,,,,,,,,,,,
,,,,,,,,,,,,,
,,,,,,,,,,,,,
,,,,,,,,,,,,,
,,,,,,,,,,,,,
,,,,,,,,,,,,,
,,,,,,,,,,,,,
,,,,,,,,,,,,,
,,,,,,,,,,,,,
,,,,,,,,,,,,,
,,,,,,,,,,,,,
,,,,,,,,,,,,,
,,,,,,,,,,,,,
,,,,,,,,,,,,,
,,,,,,,,,,,,,
,,,,,,,,,,,,,
,,,,,,,,,,,,,
,,,,,,,,,,,,,
,,,,,,,,,,,,,
,,,,,,,,,,,,,
,,,,,,,,,,,,,
,,,,,,,,,,,,,
,,,,,,,,,,,,,
,,,,,,,,,,,,,
,,,,,,,,,,,,,
,,,,,,,,,,,,,
,,,,,,,,,,,,,
,,,,,,,,,,,,,
,,,,,,,,,,,,,
,,,,,,,,,,,,,
,,,,,,,,,,,,,
,,,,,,,,,,,,,
,,,,,,,,,,,,,
,,,,,,,,,,,,,
,,,,,,,,,,,,,
,,,,,,,,,,,,,
,,,,,,,,,,,,,
,,,,,,,,,,,,,
,,,,,,,,,,,,,
,,,,,,,,,,,,,
,,,,,,,,,,,,,
,,,,,,,,,,,,,
,,,,,,,,,,,,,
,,,,,,,,,,,,,
,,,,,,,,,,,,,
,,,,,,,,,,,,,
,,,,,,,,,,,,,
,,,,,,,,,,,,,
,,,,,,,,,,,,,
,,,,,,,,,,,,,
,,,,,,,,,,,,,
,,,,,,,,,,,,,
,,,,,,,,,,,,,
,,,,,,,,,,,,,
,,,,,,,,,,,,,
,,,,,,,,,,,,,
,,,,,,,,,,,,,
,,,,,,,,,,,,,
,,,,,,,,,,,,,
,,,,,,,,,,,,,
,,,,,,,,,,,,,
,,,,,,,,,,,,,
,,,,,,,,,,,,,
,,,,,,,,,,,,,
,,,,,,,,,,,,,
,,,,,,,,,,,,,
,,,,,,,,,,,,,
,,,,,,,,,,,,,
,,,,,,,,,,,,,
,,,,,,,,,,,,,
,,,,,,,,,,,,,
,,,,,,,,,,,,,
,,,,,,,,,,,,,
,,,,,,,,,,,,,
,,,,,,,,,,,,,
,,,,,,,,,,,,,
,,,,,,,,,,,,,
,,,,,,,,,,,,,
,,,,,,,,,,,,,
,,,,,,,,,,,,,
,,,,,,,,,,,,,
,,,,,,,,,,,,,
,,,,,,,,,,,,,
,,,,,,,,,,,,,
,,,,,,,,,,,,,
,,,,,,,,,,,,,
,,,,,,,,,,,,,
,,,,,,,,,,,,,
,,,,,,,,,,,,,
,,,,,,,,,,,,,
,,,,,,,,,,,,,
,,,,,,,,,,,,,
,,,,,,,,,,,,,
,,,,,,,,,,,,,
,,,,,,,,,,,,,
,,,,,,,,,,,,,
,,,,,,,,,,,,,
,,,,,,,,,,,,,
,,,,,,,,,,,,,
,,,,,,,,,,,,,
,,,,,,,,,,,,,
,,,,,,,,,,,,,
,,,,,,,,,,,,,
,,,,,,,,,,,,,
,,,,,,,,,,,,,
,,,,,,,,,,,,,
,,,,,,,,,,,,,
,,,,,,,,,,,,,
,,,,,,,,,,,,,
,,,,,,,,,,,,,
,,,,,,,,,,,,,
,,,,,,,,,,,,,
,,,,,,,,,,,,,
,,,,,,,,,,,,,
,,,,,,,,,,,,,
,,,,,,,,,,,,,
,,,,,,,,,,,,,
,,,,,,,,,,,,,
,,,,,,,,,,,,,
,,,,,,,,,,,,,
,,,,,,,,,,,,,
,,,,,,,,,,,,,
,,,,,,,,,,,,,
,,,,,,,,,,,,,
,,,,,,,,,,,,,
,,,,,,,,,,,,,
,,,,,,,,,,,,,
,,,,,,,,,,,,,
,,,,,,,,,,,,,
,,,,,,,,,,,,,
,,,,,,,,,,,,,
,,,,,,,,,,,,,
,,,,,,,,,,,,,
,,,,,,,,,,,,,
,,,,,,,,,,,,,
,,,,,,,,,,,,,
,,,,,,,,,,,,,
,,,,,,,,,,,,,
,,,,,,,,,,,,,
,,,,,,,,,,,,,
,,,,,,,,,,,,,
,,,,,,,,,,,,,
,,,,,,,,,,,,,
,,,,,,,,,,,,,
,,,,,,,,,,,,,
,,,,,,,,,,,,,
,,,,,,,,,,,,,
,,,,,,,,,,,,,
,,,,,,,,,,,,,
,,,,,,,,,,,,,
,,,,,,,,,,,,,
,,,,,,,,,,,,,
,,,,,,,,,,,,,
,,,,,,,,,,,,,
,,,,,,,,,,,,,
,,,,,,,,,,,,,
,,,,,,,,,,,,,
,,,,,,,,,,,,,
,,,,,,,,,,,,,
,,,,,,,,,,,,,
,,,,,,,,,,,,,
,,,,,,,,,,,,,
,,,,,,,,,,,,,
,,,,,,,,,,,,,
,,,,,,,,,,,,,
,,,,,,,,,,,,,
,,,,,,,,,,,,,
,,,,,,,,,,,,,
,,,,,,,,,,,,,
,,,,,,,,,,,,,
,,,,,,,,,,,,,
,,,,,,,,,,,,,
,,,,,,,,,,,,,
,,,,,,,,,,,,,
,,,,,,,,,,,,,
,,,,,,,,,,,,,
,,,,,,,,,,,,,
,,,,,,,,,,,,,
,,,,,,,,,,,,,
,,,,,,,,,,,,,
,,,,,,,,,,,,,
,,,,,,,,,,,,,
,,,,,,,,,,,,,
,,,,,,,,,,,,,
,,,,,,,,,,,,,
,,,,,,,,,,,,,
,,,,,,,,,,,,,
,,,,,,,,,,,,,
,,,,,,,,,,,,,
,,,,,,,,,,,,,
,,,,,,,,,,,,,
,,,,,,,,,,,,,
,,,,,,,,,,,,,
,,,,,,,,,,,,,
,,,,,,,,,,,,,
,,,,,,,,,,,,,
,,,,,,,,,,,,,
,,,,,,,,,,,,,
,,,,,,,,,,,,,
,,,,,,,,,,,,,
,,,,,,,,,,,,,
,,,,,,,,,,,,,
,,,,,,,,,,,,,
,,,,,,,,,,,,,
,,,,,,,,,,,,,
,,,,,,,,,,,,,
,,,,,,,,,,,,,
,,,,,,,,,,,,,
,,,,,,,,,,,,,
,,,,,,,,,,,,,
,,,,,,,,,,,,,
,,,,,,,,,,,,,
,,,,,,,,,,,,,
,,,,,,,,,,,,,
,,,,,,,,,,,,,
,,,,,,,,,,,,,
